id,name,city,state,lat,lng,operator,usage_type,connector_type,power_kw,chargers_total,chargers_available,status,price_per_kwh,renewable_pct,grid_load,created_at,address,availability,contact,isValidated,issue,lattitude,longitude,notes,phones,pincode,pricing,stationid,type
st_0001,Tata.ev Luxon Motors - Tata Power,Edappally,Kerala,10.011484735873452,76.31138749922593,Tata Power,Public - Membership Required,CCS (Type 2),60.0,4.0,2.0,limited,7.8,42.0,low,2026-09-12 10:07:06,,,,,,,,,,,,,
st_0002,TML Sree Gokulam Motors - Tata Power,Edappally,Kerala,10.03915496555662,76.31555880759106,Tata Power,Public - Membership Required,CCS (Type 2),30.0,3.0,2.0,limited,9.1,59.0,low,2026-09-12 10:07:06,,,,,,,,,,,,,
st_0003,Tata.ev Gokulam Motors - Tata Power,Choornikkara,Kerala,10.081302790405841,76.33946199404113,Tata Power,Public - Membership Required,CCS (Type 2),60.0,2.0,0.0,busy,10.4,76.0,low,2026-09-12 10:07:06,,,,,,,,,,,,,
st_0004,Taj Cochin Internation Airport Hotel - Tata Power,Nedumbassery,Kerala,10.159995038034909,76.39015421888632,Tata Power,Public - Membership Required,CCS (Type 2),30.0,1.0,0.0,busy,11.7,93.0,low,2026-09-12 10:07:06,,,,,,,,,,,,,
st_0005,SAJ Earth Resort - Tata Power,Nedumbassery,Kerala,10.162224246244604,76.3846534973361,Tata Power,Public - Membership Required,CCS (Type 2),30.0,4.0,0.0,busy,13.0,39.0,low,2026-09-12 10:07:06,,,,,,,,,,,,,
st_0006,Luxon Motors - Tata Power,Kariyad,Kerala,10.162042049613518,76.36735603462672,Tata Power,Public - Membership Required,CCS (Type 2),30.0,3.0,2.0,limited,7.3,56.0,low,2026-09-12 10:07:06,,,,,,,,,,,,,
st_0007,Sree Gokulam Motors - Tata Power,Angamaly,Kerala,10.22106035947604,76.3767521330019,Tata Power,Public - Membership Required,CCS (Type 2),30.0,2.0,1.0,limited,8.6,73.0,low,2026-09-12 10:07:06,,,,,,,,,,,,,
st_0008,Centro Mall Charging Station - Tata Power,Kodungallur,Kerala,10.232489483292568,76.19594022414185,Tata Power,Public - Membership Required,CCS (Type 2),30.0,1.0,0.0,busy,9.9,90.0,low,2026-09-12 10:07:06,,,,,,,,,,,,,
st_0009,IOCL Thiruvonam Fuels - Tata Power,Palakkad,Kerala,10.769830981411017,76.6680965040648,Tata Power,Public - Membership Required,CCS (Type 2),30.0,4.0,3.0,limited,11.2,36.0,low,2026-09-12 10:07:06,,,,,,,,,,,,,
st_0011,KVR Automotive - Tata Power,Koppam,Kerala,10.782258203557744,76.65824510709217,Tata Power,Public - Membership Required,CCS (Type 2),30.0,2.0,2.0,available,6.8,70.0,low,2026-09-12 10:07:06,,,,,,,,,,,,,
st_0012,Gokulam Residency - Tata Power,Amballur,Kerala,10.436187097899406,76.2652058281742,Tata Power,Public - Membership Required,CCS (Type 2),25.0,1.0,0.0,busy,8.1,87.0,low,2026-09-12 10:07:06,,,,,,,,,,,,,
st_0013,Tata.ev Hyson Motors - Tata Power,Thrissur,Kerala,10.496728474625243,76.25836131243113,Tata Power,Public - Membership Required,CCS (Type 2),60.0,4.0,1.0,limited,9.4,33.0,low,2026-09-12 10:07:06,,,,,,,,,,,,,
st_0014,PCK Centenary,Thrissur,Kerala,10.522940422798897,76.20624766653009,Tata Power,Public - Membership Required,CCS (Type 2),30.0,3.0,2.0,limited,10.7,50.0,low,2026-09-12 10:07:06,,,,,,,,,,,,,
st_0015,TML Hyson Motors - Tata Power,Thrissur,Kerala,10.540422993964356,76.18967782467394,Tata Power,Public - Membership Required,CCS (Type 2),25.0,2.0,0.0,busy,12.0,67.0,low,2026-09-12 10:07:06,,,,,,,,,,,,,
st_0017,Hotel Gokulam Sabari - Tata Power,Guruvayur,Kerala,10.596356977075132,76.0429344292022,Tata Power,Public - Membership Required,CCS (Type 2),25.0,4.0,4.0,available,7.6,30.0,low,2026-09-12 10:07:06,,,,,,,,,,,,,
st_0019,Shirdi,Shirdi,Maharashtra,19.75759398843948,74.47634733215601,(Unknown Operator),Public - Pay At Location,CCS (Type 2),30.0,2.0,1.0,limited,10.2,64.0,low,2026-09-12 10:07:06,,,,,,,,,,,,,
st_0020,InFour Wheel Care And Tyres - Tata Power,Perinthalmanna,Kerala,10.960237966009911,76.23467881441364,Tata Power,Public - Membership Required,CCS (Type 2),25.0,1.0,0.0,busy,11.5,81.0,low,2026-09-12 10:07:06,,,,,,,,,,,,,
st_0021,TML KVR Automotive - Tata Power,Perinthalmanna,Kerala,10.984502724399704,76.18784701110643,Tata Power,Public - Membership Required,CCS (Type 2),30.0,4.0,2.0,limited,12.8,27.0,low,2026-09-12 10:07:06,,,,,,,,,,,,,
st_0022,IOCL Sigma Enterprises Charging Station - Tata Power,Valanchery,Kerala,10.897914194795774,76.06100966592317,Tata Power,Public - Membership Required,CCS (Type 2),30.0,3.0,2.0,limited,7.1,44.0,low,2026-09-12 10:07:06,,,,,,,,,,,,,
st_0023,AAK Mall,Tirur,Kerala,10.918580614575076,75.91779832596806,Tata Power,Public - Membership Required,CCS (Type 2),30.0,2.0,2.0,available,8.4,61.0,low,2026-09-12 10:07:06,,,,,,,,,,,,,
st_0024,Tata.ev Store Malappuram,Malappuram,Kerala,11.052515251663408,76.07764045262866,Tata Power,Public - Membership Required,CCS (Type 2),60.0,1.0,0.0,busy,9.7,78.0,low,2026-09-12 10:07:06,,,,,,,,,,,,,
st_0025,A M Tyres Malappuram - Tata Power,Malappuram,Kerala,11.060402531981708,76.08084415906977,Tata Power,Public - Membership Required,CCS (Type 2),30.0,4.0,0.0,busy,11.0,95.0,low,2026-09-12 10:07:06,,,,,,,,,,,,,
st_0026,Hotel Gokulam Relax Park,Manjeri,Kerala,11.118906106281456,76.11847374415197,Tata Power,Public - Membership Required,CCS (Type 2),25.0,3.0,2.0,limited,12.3,41.0,low,2026-09-12 10:07:06,,,,,,,,,,,,,
st_0028,One Stop Automotive Cahrging Station - Tata Power,Edavanna,Kerala,11.204146203983242,76.13673353482534,Tata Power,Public - Membership Required,CCS (Type 2),60.0,1.0,0.0,offline,7.9,75.0,low,2026-09-12 10:07:06,,,,,,,,,,,,,
st_0029,Moto Town Auto Hub - Tata Power,Wandoor,Kerala,11.223249596398574,76.216915246844,Tata Power,Public - Membership Required,CCS (Type 2),30.0,4.0,3.0,limited,9.2,92.0,low,2026-09-12 10:07:06,,,,,,,,,,,,,
st_0030,IOCL Aaditya Petroleum Naduvath Charging Station - Tata Power,Wandoor,Kerala,11.211054369500443,76.22468507295008,Tata Power,Public - Membership Required,CCS (Type 2),30.0,3.0,2.0,limited,10.5,38.0,low,2026-09-12 10:07:06,,,,,,,,,,,,,
st_0031,Calicut Airport Charging Station - Tata Power,Kondotty,Kerala,11.140292270314331,75.94831371133864,Tata Power,Public - Membership Required,CCS (Type 2),60.0,2.0,1.0,limited,11.8,55.0,low,2026-09-12 10:07:06,,,,,,,,,,,,,
st_0032,TML Marina Motors - Tata Power,Kozhikode,Kerala,11.216965265185236,75.85795106094035,Tata Power,Public - Membership Required,CCS (Type 2),25.0,1.0,0.0,busy,13.1,72.0,low,2026-09-12 10:07:06,,,,,,,,,,,,,
st_0034,Rotana Motors Meenchanda - Tata Power,Meenchanda,Kerala,11.213908526645213,75.80263211133581,Tata Power,Public - Membership Required,CCS (Type 2),30.0,3.0,2.0,limited,8.7,35.0,low,2026-09-12 10:07:06,,,,,,,,,,,,,
st_0035,IOCL Lakshmi Sales & Service - Tata Power,Kozhikode,Kerala,11.23362686322484,75.80323852757283,Tata Power,Public - Membership Required,CCS (Type 2),30.0,2.0,2.0,available,10.0,52.0,low,2026-09-12 10:07:06,,,,,,,,,,,,,
st_0036,Gokulam Galleria Mall - Tata Power,Kozhikode,Kerala,11.2584651335099,75.79290611849729,Tata Power,Public - Membership Required,CCS (Type 2),25.0,1.0,0.0,busy,11.3,69.0,low,2026-09-12 10:07:06,,,,,,,,,,,,,
st_0039,Hotel Hyson Heritage - Tata Power,Kozhikode,Kerala,11.259214498820045,75.77933452309297,Tata Power,Public - Membership Required,CCS (Type 2),25.0,2.0,0.0,busy,8.2,49.0,low,2026-09-12 10:07:06,,,,,,,,,,,,,
st_0041,Taj The Gateway Hotel - Tata Power,Kozhikode,Kerala,11.258689823191387,75.77397870788236,Tata Power,Public - Membership Required,CCS (Type 2),30.0,4.0,2.0,limited,10.8,83.0,low,2026-09-12 10:07:06,,,,,,,,,,,,,
st_0043,IOCL Engapuzha Fuel - Tata Power,Engapuzha,Kerala,11.465050129739268,75.97017469880147,Tata Power,Public - Membership Required,CCS (Type 2),25.0,2.0,1.0,limited,13.4,46.0,low,2026-09-12 10:07:06,,,,,,,,,,,,,
st_0044,IOCl Balaji Petroleum - Tata Power,Sulthan Bathery,Kerala,11.660943020691448,76.24002282400441,Tata Power,Public - Membership Required,CCS (Type 2),30.0,1.0,0.0,busy,7.7,63.0,low,2026-09-12 10:07:06,,,,,,,,,,,,,
st_0045,Hotel Saugandhika Charging Station - Tata Power,Meenangadi,Kerala,11.6593282557467,76.20718522782688,Tata Power,Public - Membership Required,CCS (Type 2),60.0,4.0,0.0,busy,9.0,80.0,low,2026-09-12 10:07:06,,,,,,,,,,,,,
st_0046,TML Marina Motors Pvt. Ltd. Kalpetta - Tata Power,Kalpetta,Kerala,11.637352766290704,76.09468538005217,Tata Power,Public - Membership Required,CCS (Type 2),30.0,3.0,2.0,limited,10.3,26.0,low,2026-09-12 10:07:06,,,,,,,,,,,,,
st_0047,Taj Wayanad Resort and Spa- Tata Power,Padinjarathara,Kerala,11.6576333638655,75.96043177655011,Tata Power,"Private - For Staff, Visitors or Customers",CCS (Type 2),30.0,2.0,2.0,available,11.6,43.0,low,2026-09-12 10:07:06,,,,,,,,,,,,,
st_0049,KVR Dream Vehicles Thalassery - Tata Power,Thalassery,Kerala,11.761734248724949,75.5090683786119,Tata Power,Public - Membership Required,CCS (Type 2),30.0,4.0,3.0,limited,7.2,77.0,low,2026-09-12 10:07:06,,,,,,,,,,,,,
st_0050,IOCL - MK Petroleum - Tata Power,Thazhe Chovva,Kerala,11.860150179085252,75.41434121644006,Tata Power,Public - Membership Required,CCS (Type 2),30.0,3.0,2.0,limited,8.5,94.0,low,2026-09-12 10:07:06,,,,,,,,,,,,,
st_0051,KVR Dream Vehicles Service Centre - Tata Power,Iritty,Kerala,11.990685920762216,75.6580218310773,Tata Power,Public - Membership Required,CCS (Type 2),30.0,2.0,0.0,busy,9.8,40.0,low,2026-09-12 10:07:06,,,,,,,,,,,,,
st_0052,KVR Dream Vehicle - Tata Power,Nadal,Kerala,11.832856721502948,75.42644169657501,Tata Power,Public - Membership Required,CCS (Type 2),25.0,1.0,0.0,busy,11.1,57.0,low,2026-09-12 10:07:06,,,,,,,,,,,,,
st_0054,Tata.ev KVR Dreams Kannur - Tata Power,Kannur,Kerala,11.860830340847158,75.41186777793837,Tata Power,Public - Membership Required,CCS (Type 2),30.0,3.0,2.0,limited,6.7,91.0,low,2026-09-12 10:07:06,,,,,,,,,,,,,
st_0055,KVR Dream Vehicles Service Center - Tata Power,Payyanur,Kerala,12.120003262388037,75.21755451244977,Tata Power,Public - Membership Required,CCS (Type 2),30.0,2.0,1.0,limited,8.0,37.0,low,2026-09-12 10:07:06,,,,,,,,,,,,,
st_0056,V-Net Shopping Complex - Tata Power,Payyannur,Kerala,12.175048478868092,75.1934333250936,Tata Power,Public - Membership Required,CCS (Type 2),30.0,1.0,0.0,offline,9.3,54.0,low,2026-09-12 10:07:06,,,,,,,,,,,,,
st_0057,Taj Bekkal - Tata Power,Bekkal,Kerala,12.42338327765249,75.01475480358593,Tata Power,"Private - For Staff, Visitors or Customers",Type 2 (Tethered Connector),7.4,4.0,4.0,available,10.6,71.0,low,2026-09-12 10:07:06,,,,,,,,,,,,,
st_0058,TML KVR Dream Vehicles EVCS - Tata Power,Kasaragod,Kerala,12.513454412772605,75.02712293765926,Tata Power,Public - Membership Required,CCS (Type 2),30.0,3.0,2.0,limited,11.9,88.0,low,2026-09-12 10:07:06,,,,,,,,,,,,,
st_0059,IOCL Top Fuels Karanthakkad Charging Station - Tata Power,Kasaragod,Kerala,12.509407895012473,74.98611113925955,Tata Power,Public - Membership Required,CCS (Type 2),30.0,2.0,2.0,available,13.2,34.0,low,2026-09-12 10:07:06,,,,,,,,,,,,,
st_0060,Eco Charge Hub - GO EC,Thiruvananthapuram,Kerala,8.353208648493009,77.05379011708595,GO EC (IN),Public - Membership Required,CCS (Type 2),60.0,4.0,4.0,available,8.1,28.0,low,2026-09-12 10:07:06,,,,,,,,,,,,,
st_0062,Rajco EVCS - GO EC,Neyyattinkara,Kerala,8.394252774929768,77.08872897393405,GO EC (IN),Public - Membership Required,CCS (Type 2),30.0,3.0,2.0,limited,10.1,85.0,low,2026-09-12 10:07:06,,,,,,,,,,,,,
st_0064,Appolo Dimora Hotel EVCS - GO EC,Thiruvananthapuram,Kerala,8.48866100741148,76.95075167233601,GO EC (IN),Public - Membership Required,CCS (Type 2),30.0,1.0,0.0,busy,12.7,48.0,low,2026-09-12 10:07:06,,,,,,,,,,,,,
st_0065,Lulu International Mall EVCS - GO EC,Thiruvananthapuram,Kerala,8.515262881600334,76.8981584378087,GO EC (IN),Public - Membership Required,CCS (Type 2),60.0,4.0,0.0,busy,7.0,65.0,low,2026-09-12 10:07:06,,,,,,,,,,,,,
st_0069,Trivandrum UST Campus EVCS - GO EC,Thiruvananthapuram,Kerala,8.539993047929073,76.88442500297742,GO EC (IN),"Private - For Staff, Visitors or Customers",Type 2 (Tethered Connector),7.4,4.0,3.0,limited,12.2,62.0,low,2026-09-12 10:07:06,,,,,,,,,,,,,
st_0071,Karthika Residency Hotel EVCS - GO EC,Karette,Kerala,8.728845866034801,76.89844751364274,GO EC (IN),Public - Membership Required,CCS (Type 2),80.0,2.0,2.0,available,7.8,25.0,low,2026-09-12 10:07:06,,,,,,,,,,,,,
st_0072,KKP Renewables EVCS - GO EC,Karette,Kerala,8.734523377793522,76.8980164722713,GO EC (IN),Public - Membership Required,CCS (Type 2),30.0,1.0,0.0,busy,9.1,42.0,low,2026-09-12 10:07:06,,,,,,,,,,,,,
st_0073,Aeron EVCS - GO EC,Attingal,Kerala,8.686808046081069,76.82402232674082,GO EC (IN),Public - Membership Required,CCS (Type 2),30.0,4.0,1.0,limited,10.4,59.0,low,2026-09-12 10:07:06,,,,,,,,,,,,,
st_0075,Zenith EVCS - GO EC,Attingal,Kerala,8.733067658594678,76.81064655334812,GO EC (IN),Public - Membership Required,CCS (Type 2),30.0,2.0,0.0,busy,13.0,93.0,low,2026-09-12 10:07:06,,,,,,,,,,,,,
st_0076,Orion Plaza EVCS - GO EC,Chadayamangalam,Kerala,8.863426989733298,76.8712078360212,GO EC (IN),Public - Membership Required,CCS (Type 2),60.0,1.0,0.0,busy,7.3,39.0,low,2026-09-12 10:07:06,,,,,,,,,,,,,
st_0078,Power Up EVCS - GO EC,Varkala,Kerala,8.74908605012898,76.70581858621796,GO EC (IN),Public - Membership Required,CCS (Type 2),25.0,3.0,2.0,limited,9.9,73.0,low,2026-09-12 10:07:06,,,,,,,,,,,,,
st_0080,Green Planet EVCS - GO EC,Kottarakkara,Kerala,8.982143340998263,76.80932966421278,GO EC (IN),Public - Membership Required,CCS (Type 2),30.0,1.0,0.0,busy,12.5,36.0,low,2026-09-12 10:07:06,,,,,,,,,,,,,
st_0082,RK EVCS - GO EC,Kundara,Kerala,8.948246626469512,76.64624714068498,GO EC (IN),Public - Membership Required,CCS (Type 2),30.0,3.0,2.0,limited,8.1,70.0,low,2026-09-12 10:07:06,,,,,,,,,,,,,
st_0084,SK EVCS - GO EC,Pathanapuram,Kerala,9.070991645604138,76.8563112284703,GO EC (IN),Public - Membership Required,CCS (Type 2),25.0,1.0,0.0,offline,10.7,33.0,low,2026-09-12 10:07:06,,,,,,,,,,,,,
st_0086,Erathu Motors EVCS - GO EC,Puthoor,Kerala,9.051367403391124,76.70324696297251,GO EC (IN),Public - Membership Required,CCS (Type 2),30.0,3.0,2.0,limited,13.3,67.0,low,2026-09-12 10:07:06,,,,,,,,,,,,,
st_0088,Vrindavan EVCS - GO EC,Inchakkad,Kerala,9.045128433314076,76.77360003943174,GO EC (IN),Public - Membership Required,CCS (Type 2),25.0,1.0,0.0,busy,8.9,30.0,low,2026-09-12 10:07:06,,,,,,,,,,,,,
st_0091,JB Power EVCS - GO EC,Adoor,Kerala,9.116847049005273,76.74511188165377,GO EC (IN),Public - Membership Required,CCS (Type 2),60.0,2.0,1.0,limited,12.8,81.0,low,2026-09-12 10:07:06,,,,,,,,,,,,,
st_0093,Peninsula Park Residency EVCS - GO EC,Adoor,Kerala,9.14530596425949,76.76585838641842,GO EC (IN),Public - Membership Required,CCS (Type 2),30.0,4.0,1.0,limited,8.4,44.0,low,2026-09-12 10:07:06,,,,,,,,,,,,,
st_0094,Green Earth - GO EC,Adoor,Kerala,9.153564153649183,76.73554436189625,GO EC (IN),Public - Membership Required,CCS (Type 2),60.0,3.0,2.0,limited,9.7,61.0,low,2026-09-12 10:07:06,,,,,,,,,,,,,
st_0096,Sparkzone EVCS - GO EC,Kayamkulam,Kerala,9.14579459592612,76.45936322492248,GO EC (IN),Public - Membership Required,CCS (Type 2),25.0,1.0,0.0,busy,12.3,95.0,low,2026-09-12 10:07:06,,,,,,,,,,,,,
st_0098,Zufo EVCS,Karunagappalli,Kerala,9.132307411349302,76.51385828713245,GO EC (IN),Public - Membership Required,CCS (Type 2),25.0,3.0,2.0,limited,7.9,58.0,low,2026-09-12 10:07:06,,,,,,,,,,,,,
st_0099,Cartist - GO EC,Kayamkulam,Kerala,9.184739728702354,76.49029683829168,GO EC (IN),Public - Membership Required,CCS (Type 2),60.0,2.0,0.0,busy,9.2,75.0,low,2026-09-12 10:07:06,,,,,,,,,,,,,
st_0102,V Volte EVCS - GO EC,Haripad,Kerala,9.289000834095232,76.45653569251749,GO EC (IN),Public - Membership Required,CCS (Type 2),25.0,3.0,2.0,limited,13.1,55.0,low,2026-09-12 10:07:06,,,,,,,,,,,,,
st_0104,Anjaly EVCS - GO EC,Omallor,Kerala,9.246935401622354,76.75730779092834,GO EC (IN),Public - Membership Required,CCS (Type 2),30.0,1.0,0.0,busy,8.7,89.0,low,2026-09-12 10:07:06,,,,,,,,,,,,,
st_0106,Evergreen Continental EVCS - GO EC,Pathanamthitta,Kerala,9.26377680925411,76.7854352998848,GO EC (IN),Public - Membership Required,CCS (Type 2),30.0,3.0,2.0,limited,11.3,52.0,low,2026-09-12 10:07:06,,,,,,,,,,,,,
st_0107,Quik Energy EVCS - GO EC,Chengannur,Kerala,9.311533026822984,76.6227205260136,GO EC (IN),Public - Membership Required,CCS (Type 2),60.0,2.0,2.0,available,12.6,69.0,low,2026-09-12 10:07:06,,,,,,,,,,,,,
st_0110,Amrutham Auto Care EVCS - GO EC,Chengannur,Kerala,9.342144722861462,76.5984878394704,GO EC (IN),Public - Membership Required,CCS (Type 2),30.0,3.0,2.0,limited,9.5,49.0,low,2026-09-12 10:07:06,,,,,,,,,,,,,
st_0112,Changanassery Immaculate Mary EVCS,Changanassery,Kerala,9.459860217939863,76.55518358905401,GO EC (IN),Public - Membership Required,CCS (Type 2),25.0,1.0,0.0,offline,12.1,83.0,low,2026-09-12 10:07:06,,,,,,,,,,,,,
st_0114,Calvarymount Jerry Plaza,Alliyar,Kerala,9.80694248889715,77.04794025522558,GO EC (IN),Public - Membership Required,CCS (Type 2),30.0,3.0,2.0,limited,7.7,46.0,low,2026-09-12 10:07:06,,,,,,,,,,,,,
st_0115,Westgate Inn EVCS - GO EC,Kattappana,Kerala,9.747617293321468,77.10541770305377,GO EC (IN),Public - Membership Required,CCS (Type 2),25.0,2.0,1.0,limited,9.0,63.0,low,2026-09-12 10:07:06,,,,,,,,,,,,,
st_0116,GO EC Charging Station,Idukki,Kerala,9.665398819574932,77.16084695044691,GO EC (IN),Public - Membership Required,CCS (Type 2),30.0,1.0,0.0,busy,10.3,80.0,low,2026-09-12 10:07:06,,,,,,,,,,,,,
st_0118,Sora EVCS - GO EC,Kumali,Kerala,9.614445835422883,77.15390991011253,GO EC (IN),Public - Membership Required,CCS (Type 2),30.0,3.0,2.0,limited,12.9,43.0,low,2026-09-12 10:07:06,,,,,,,,,,,,,
st_0120,Open Kitchen EVCS - GO EC,Kuttikkanam,Kerala,9.580204298452545,76.97061172783384,GO EC (IN),Public - Membership Required,CCS (Type 2),60.0,1.0,0.0,busy,8.5,77.0,low,2026-09-12 10:07:06,,,,,,,,,,,,,
st_0122,Nandanam EVCS - GO EC,Kodungoor,Kerala,9.56707472944133,76.70609404363414,GO EC (IN),Public - Membership Required,CCS (Type 2),30.0,3.0,2.0,limited,11.1,40.0,low,2026-09-12 10:07:06,,,,,,,,,,,,,
st_0123,Clay Art Cafe - GO EC,Ponkunnam,Kerala,9.566378511526393,76.74160751395914,GO EC (IN),Public - Membership Required,CCS (Type 2),25.0,2.0,0.0,busy,12.4,57.0,low,2026-09-12 10:07:06,,,,,,,,,,,,,
st_0125,GO Green EVCS - GO EC,Anthikkad,Kerala,9.753999722373322,76.70127896431033,GO EC (IN),Public - Membership Required,CCS (Type 2),30.0,4.0,0.0,busy,8.0,91.0,low,2026-09-12 10:07:06,,,,,,,,,,,,,
st_0126,Nila's Magestic Arcade,Kidangoor,Kerala,9.683248151452077,76.60975356992105,GO EC (IN),Public - Membership Required,CCS (Type 2),30.0,3.0,2.0,limited,9.3,37.0,low,2026-09-12 10:07:06,,,,,,,,,,,,,
st_0127,Ettumanur Skylight EVCS - GO EC,Ettumanoor,Kerala,9.668171829463475,76.57537881809179,GO EC (IN),Public - Membership Required,CCS (Type 2),60.0,2.0,1.0,limited,10.6,54.0,low,2026-09-12 10:07:06,,,,,,,,,,,,,
st_0129,Chaithanya Hospital EVCS - GO EC,Kuravilangad,Kerala,9.761923840599692,76.56472253025936,GO EC (IN),Public - Membership Required,CCS (Type 2),25.0,4.0,3.0,limited,13.2,88.0,low,2026-09-12 10:07:06,,,,,,,,,,,,,
st_0131,Manjoor Beeza Clubhouse EVCS - GO EC,Manjoor,Kerala,9.727579425560023,76.52038777302698,GO EC (IN),Public - Membership Required,CCS (Type 2),30.0,2.0,2.0,available,8.8,51.0,low,2026-09-12 10:07:06,,,,,,,,,,,,,
st_0132,Kalladanthiyil EVCS - GO EC,Neendoor,Kerala,9.68333687975506,76.50559380666749,GO EC (IN),Public - Membership Required,CCS (Type 2),30.0,1.0,0.0,busy,10.1,68.0,low,2026-09-12 10:07:06,,,,,,,,,,,,,
st_0134,The Grand Ambassador EVCS,Kottayam,Kerala,9.589399335956784,76.52633053455001,GO EC (IN),Public - Membership Required,CCS (Type 2),30.0,3.0,2.0,limited,12.7,31.0,low,2026-09-12 10:07:06,,,,,,,,,,,,,
st_0135,Hotel Athira Residency EVCS - GO EC,Kottayam,Kerala,9.578258767585764,76.51947056358193,GO EC (IN),Public - Membership Required,CCS (Type 2),80.0,2.0,0.0,busy,7.0,48.0,low,2026-09-12 10:07:06,,,,,,,,,,,,,
st_0136,Cassia Regency EVCS - GO EC,Alappuzha,Kerala,9.49016981657603,76.3207371647539,GO EC (IN),Public - Membership Required,CCS (Type 2),30.0,1.0,0.0,busy,8.3,65.0,low,2026-09-12 10:07:06,,,,,,,,,,,,,
st_0138,Neo Charge EVCS - GO EC,Alappuzha,Kerala,9.559497168686136,76.32821358891907,GO EC (IN),Public - Membership Required,CCS (Type 2),30.0,3.0,2.0,limited,10.9,28.0,low,2026-09-12 10:07:06,,,,,,,,,,,,,
st_0139,Jason Orchard Inn EVCS - GO EC,Alappuzha,Kerala,9.56257506243169,76.32758403292866,GO EC (IN),Public - Membership Required,CCS (Type 2),30.0,2.0,1.0,limited,12.2,45.0,low,2026-09-12 10:07:06,,,,,,,,,,,,,
st_0140,Huts Restaurant EVCS - GO EC,Cherthala,Kerala,9.683890802446342,76.3335821907994,GO EC (IN),Public - Membership Required,CCS (Type 2),60.0,1.0,0.0,offline,6.5,62.0,low,2026-09-12 10:07:06,,,,,,,,,,,,,
st_0142,Vijaya EVCS - GO EC,Kanjiramattom,Kerala,9.851840438387283,76.3893878706051,GO EC (IN),Public - Membership Required,CCS (Type 2),30.0,3.0,2.0,limited,9.1,25.0,low,2026-09-12 10:07:06,,,,,,,,,,,,,
st_0143,MPA Tyres EVCS - GO EC,Thrippunithura,Kerala,9.962610267571378,76.35800116158748,GO EC (IN),Public - Membership Required,CCS (Type 2),30.0,2.0,2.0,available,10.4,42.0,low,2026-09-12 10:07:06,,,,,,,,,,,,,
st_0144,Central Talkies EVCS - GO EC,Thrippunithura,Kerala,9.948953177742126,76.34771091840872,GO EC (IN),Public - Membership Required,CCS (Type 2),60.0,1.0,0.0,busy,11.7,59.0,low,2026-09-12 10:07:06,,,,,,,,,,,,,
st_0147,Tribute Royale EVCS - GO EC,Maradu,Kerala,9.94775835957229,76.31854611156217,GO EC (IN),Public - Membership Required,CCS (Type 2),60.0,2.0,0.0,offline,8.6,39.0,low,2026-09-12 10:07:06,,,,,,,,,,,,,
st_0148,Prithvi EVCS - GO EC,Kadavanthra,Kerala,9.94745163258068,76.3034155566645,GO EC (IN),Public - Membership Required,CCS (Type 2),60.0,1.0,0.0,busy,9.9,56.0,low,2026-09-12 10:07:06,,,,,,,,,,,,,
st_0150,EC City Centre EVCS - GO EC,Ernakulam,Kerala,9.96519449241434,76.29662321090922,GO EC (IN),Public - Membership Required,CCS (Type 2),25.0,3.0,2.0,limited,12.5,90.0,low,2026-09-12 10:07:06,,,,,,,,,,,,,
st_0152,Monsoon Empress Hotel EVCS,Palarivattom,Kerala,9.995959579488527,76.31410217952185,GO EC (IN),Public - Membership Required,CCS (Type 2),60.0,1.0,0.0,busy,8.1,53.0,low,2026-09-12 10:07:06,,,,,,,,,,,,,
st_0153,Max EVCS - GO EC,Palarivattom,Kerala,9.998499333886071,76.31386095749046,GO EC (IN),Public - Membership Required,CCS (Type 2),60.0,4.0,1.0,limited,9.4,70.0,low,2026-09-12 10:07:06,,,,,,,,,,,,,
st_0154,Park Residency EVCS - GO EC,Kakkanad,Kerala,10.0146588090696,76.34240059520742,GO EC (IN),Public - Membership Required,CCS (Type 2),25.0,3.0,2.0,limited,10.7,87.0,low,2026-09-12 10:07:06,,,,,,,,,,,,,
st_0156,EVGO Hub - GO EC,Thrikkakkara,Kerala,10.035673992083431,76.33644845243789,GO EC (IN),Public - Membership Required,CCS (Type 2),30.0,1.0,0.0,busy,13.3,50.0,low,2026-09-12 10:07:06,,,,,,,,,,,,,
st_0157,Daffodils EVCS - GO EC,Edapally,Kerala,10.032114506603731,76.32296046331254,GO EC (IN),Public - Membership Required,CCS (Type 2),30.0,4.0,4.0,available,7.6,67.0,low,2026-09-12 10:07:06,,,,,,,,,,,,,
st_0160,Oberon Mall EVCS - GO EC,Edapally,Kerala,10.014373315870898,76.31253274186467,GO EC (IN),Public - Membership Required,CCS (Type 2),60.0,1.0,0.0,busy,11.5,47.0,low,2026-09-12 10:07:06,,,,,,,,,,,,,
st_0161,Lulu International Shopping Mall EVCS - GO EC,Edapally,Kerala,10.025852998355104,76.30847987689593,GO EC (IN),Public - Membership Required,CCS (Type 2),60.0,4.0,2.0,limited,12.8,64.0,low,2026-09-12 10:07:06,,,,,,,,,,,,,
st_0164,EcoPlug EVCS - GO EC,Neriyamangalam,Kerala,10.05657909163412,76.77664747363907,GO EC (IN),Public - Membership Required,CEE 3 Pin,3.3,1.0,0.0,busy,9.7,44.0,low,2026-09-12 10:07:06,,,,,,,,,,,,,
st_0165,Future Clock EVCS - GO EC,Perumbavoor,Kerala,10.08987328201421,76.49767034410803,GO EC (IN),Public - Membership Required,CCS (Type 2),80.0,4.0,0.0,busy,11.0,61.0,low,2026-09-12 10:07:06,,,,,,,,,,,,,
st_0168,Prestige EV Super Charging Station - GO EC,Perumbavoor,Kerala,10.116599665826755,76.44569940523843,GO EC (IN),Public - Membership Required,CCS (Type 2),60.0,1.0,0.0,offline,7.9,41.0,low,2026-09-12 10:07:06,,,,,,,,,,,,,
st_0170,Innate Convention Centre,Aluva,Kerala,10.13484738219786,76.35454903990177,GO EC (IN),Public - Membership Required,CCS (Type 2),30.0,3.0,2.0,limited,10.5,75.0,low,2026-09-12 10:07:06,,,,,,,,,,,,,
st_0171,Athani Energize EVCS,Athani,Kerala,10.141443983212852,76.352933830932,GO EC (IN),Public - Membership Required,CCS (Type 2),80.0,2.0,0.0,busy,11.8,92.0,low,2026-09-12 10:07:06,,,,,,,,,,,,,
st_0172,Hotel Airlink Castle - GO EC,Athani,Kerala,10.155053463306784,76.35471452974734,GO EC (IN),Public - Membership Required,CCS (Type 2),24.0,1.0,0.0,busy,13.1,38.0,low,2026-09-12 10:07:06,,,,,,,,,,,,,
st_0173,V-Green EVCS - GO EC,Angamaly,Kerala,10.201780086801348,76.40966162425627,GO EC (IN),Public - Membership Required,CCS (Type 2),80.0,4.0,1.0,limited,7.4,55.0,low,2026-09-12 10:07:06,,,,,,,,,,,,,
st_0174,Gopika EV Charging Station - GO EC,Varappuzha,Kerala,10.087291499865684,76.26789062743649,GO EC (IN),Public - Membership Required,CCS (Type 2),25.0,3.0,2.0,limited,8.7,72.0,low,2026-09-12 10:07:06,,,,,,,,,,,,,
st_0175,Power Zone EV Charging Station - GO EC,North Paravur,Kerala,10.149673029849536,76.21756419275295,GO EC (IN),Public - Membership Required,CCS (Type 2),30.0,2.0,1.0,limited,10.0,89.0,low,2026-09-12 10:07:06,,,,,,,,,,,,,
st_0176,Koratty Chennai Anandabhavan EVCS - GO EC,Koratty,Kerala,10.277244588754584,76.34452807905917,GO EC (IN),Public - Membership Required,CCS (Type 2),60.0,1.0,0.0,busy,11.3,35.0,low,2026-09-12 10:07:06,,,,,,,,,,,,,
st_0177,Parekkat's EVCS - GO EC,Mala,Kerala,10.240669118232388,76.27252885130723,GO EC (IN),Public - Membership Required,CCS (Type 2),25.0,4.0,4.0,available,12.6,52.0,low,2026-09-12 10:07:06,,,,,,,,,,,,,
st_0178,Kodungallur SVS - GO EC,Kodungallur,Kerala,10.21129204884221,76.1989886692013,GO EC (IN),Public - Membership Required,CCS (Type 2),25.0,3.0,2.0,limited,6.9,69.0,low,2026-09-12 10:07:06,,,,,,,,,,,,,
st_0180,FUZO EV Super Charging Station,Kodungallur,Kerala,10.378135160727652,76.12254539101707,GO EC (IN),Public - Membership Required,CCS (Type 2),60.0,1.0,0.0,busy,9.5,32.0,low,2026-09-12 10:07:06,,,,,,,,,,,,,
st_0182,Sree Rama EVCS - GO EC,Thrissur,Kerala,10.435594973940098,76.2658746842411,GO EC (IN),Public - Membership Required,CCS (Type 2),60.0,3.0,2.0,limited,12.1,66.0,low,2026-09-12 10:07:06,,,,,,,,,,,,,
st_0185,Daiz and Co. EVCS - GO EC,Thrissur,Kerala,10.526149574968883,76.18795462415846,GO EC (IN),Public - Membership Required,CCS (Type 2),30.0,4.0,0.0,busy,9.0,46.0,low,2026-09-12 10:07:06,,,,,,,,,,,,,
st_0186,Shobha City Mall EVCS - GO EC,Thrissur,Kerala,10.548946556742209,76.18304110696954,GO EC (IN),Public - Membership Required,CCS (Type 2),60.0,3.0,2.0,limited,10.3,63.0,low,2026-09-12 10:07:06,,,,,,,,,,,,,
st_0189,Amala Smart EVCS - GO EC,Peramangalam,Kerala,10.564967494138358,76.16598425547983,GO EC (IN),Public - Membership Required,CCS (Type 2),80.0,4.0,3.0,limited,7.2,43.0,low,2026-09-12 10:07:06,,,,,,,,,,,,,
st_0191,Sree Sankara EVCS - GO EC,Vadanappalli,Kerala,10.487291202025474,76.07083611597062,GO EC (IN),Public - Membership Required,CCS (Type 2),60.0,2.0,2.0,available,9.8,77.0,low,2026-09-12 10:07:06,,,,,,,,,,,,,
st_0192,Green Drive EV Super Charging Station,Vadanappilly,Kerala,10.494542466430332,76.06584744162073,GO EC (IN),Public - Membership Required,CCS (Type 2),60.0,1.0,0.0,busy,11.1,94.0,low,2026-09-12 10:07:06,,,,,,,,,,,,,
st_0193,Sree Krishna Hotel - GO EC,Guruvayoor,Kerala,10.598447823364936,76.03636788702198,GO EC (IN),Public - Membership Required,CEE 3 Pin,3.3,4.0,1.0,limited,12.4,40.0,low,2026-09-12 10:07:06,,,,,,,,,,,,,
st_0194,Palakkad Ahalia Women and Childern Hospital EVCS - GO EC,Elappully,Kerala,10.797308592491405,76.82754081494367,GO EC (IN),Public - Membership Required,Type 2 (Tethered Connector),7.4,3.0,2.0,limited,6.7,57.0,low,2026-09-12 10:07:06,,,,,,,,,,,,,
st_0196,Palakkad Ahalia Eye Hospital EVCS - GO EC,Elappully,Kerala,10.79348727039229,76.82652950538214,GO EC (IN),Public - Membership Required,Type 2 (Tethered Connector),7.4,1.0,0.0,offline,9.3,91.0,low,2026-09-12 10:07:06,,,,,,,,,,,,,
st_0198,Palakkad Ahalia Food Point EVCS - GO EC,Elappully,Kerala,10.792032259171831,76.82834711933715,GO EC (IN),Public - Membership Required,Type 2 (Tethered Connector),7.4,3.0,2.0,limited,11.9,54.0,low,2026-09-12 10:07:06,,,,,,,,,,,,,
st_0200,Ahalia Walayar - GO EC,Walayar,Kerala,10.826593048149787,76.82605307444437,GO EC (IN),Public - Membership Required,CCS (Type 2),60.0,1.0,0.0,busy,7.5,88.0,low,2026-09-12 10:07:06,,,,,,,,,,,,,
st_0202,Le Sky Dine EVCS - GO EC,Palakkad,Kerala,10.773957251049566,76.69819741498286,GO EC (IN),Public - Membership Required,CCS (Type 2),60.0,3.0,2.0,limited,10.1,51.0,low,2026-09-12 10:07:06,,,,,,,,,,,,,
st_0204,Doctor Green EVCS - GO EC,Alathur,Kerala,10.646166361085193,76.55140239344632,GO EC (IN),Public - Membership Required,CCS (Type 2),60.0,1.0,0.0,busy,12.7,85.0,low,2026-09-12 10:07:06,,,,,,,,,,,,,
st_0206,SJ Eco Power Charge - GO EC,Alathur,Kerala,10.638304424407124,76.52393013576875,GO EC (IN),Public - Membership Required,Type 2 (Tethered Connector),7.4,3.0,2.0,limited,8.3,48.0,low,2026-09-12 10:07:06,,,,,,,,,,,,,
st_0208,Jeevz - GO EC,Vadakkencherry,Kerala,10.593239028175063,76.48253527396616,GO EC (IN),Public - Membership Required,CCS (Type 2),25.0,1.0,0.0,busy,10.9,82.0,low,2026-09-12 10:07:06,,,,,,,,,,,,,
st_0209,Sanjeevani Green - GO EC,Thiruvilwamala,Kerala,10.710021712685972,76.42879294152867,GO EC (IN),Public - Membership Required,CCS (Type 2),25.0,4.0,3.0,limited,12.2,28.0,low,2026-09-12 10:07:06,,,,,,,,,,,,,
st_0211,Green Valley - GO EC,Thirissur,Kerala,10.69271606194583,76.26858375420068,GO EC (IN),Public - Membership Required,CCS (Type 2),60.0,2.0,1.0,limited,7.8,62.0,low,2026-09-12 10:07:06,,,,,,,,,,,,,
st_0214,AR Dine - GO EC,Cheruthuruthi,Kerala,10.750381972119513,76.27475659553528,GO EC (IN),Public - Membership Required,CCS (Type 2),25.0,3.0,2.0,limited,11.7,42.0,low,2026-09-12 10:07:06,,,,,,,,,,,,,
st_0215,EV Super Charging Station,Pattambi,Kerala,10.80479517192704,76.20815708375356,GO EC (IN),Public - Membership Required,CCS (Type 2),30.0,2.0,2.0,available,13.0,59.0,low,2026-09-12 10:07:06,,,,,,,,,,,,,
st_0216,Pattambi Power Bank - GO EC,Pattambi,Kerala,10.811068529416133,76.18644369742707,GO EC (IN),Public - Membership Required,CCS (Type 2),30.0,1.0,0.0,busy,7.3,76.0,low,2026-09-12 10:07:06,,,,,,,,,,,,,
st_0218,New Kerala Hotel EVCS - GO EC,Nhangattiri,Kerala,10.784880988938935,76.17067627366248,GO EC (IN),Public - Membership Required,CCS (Type 2),30.0,3.0,2.0,limited,9.9,39.0,low,2026-09-12 10:07:06,,,,,,,,,,,,,
st_0219,Oasis EV Super Charging Station,Mannarkkad,Kerala,10.933556620012695,76.52721710150966,GO EC (IN),Public - Membership Required,CCS (Type 2),60.0,2.0,0.0,busy,11.2,56.0,low,2026-09-12 10:07:06,,,,,,,,,,,,,
st_0221,Shalimar EVCS - GO EC,Perinthalmanna,Kerala,10.96529678353042,76.2838983337245,GO EC (IN),Public - Membership Required,CCS (Type 2),25.0,4.0,2.0,limited,6.8,90.0,low,2026-09-12 10:07:06,,,,,,,,,,,,,
st_0223,Green Zone EVCS - GO EC,Valanchery,Kerala,10.873413080879715,76.06245822988647,GO EC (IN),Public - Membership Required,CCS (Type 2),60.0,2.0,1.0,limited,9.4,53.0,low,2026-09-12 10:07:06,,,,,,,,,,,,,
st_0225,Unicorn Power EVCS - GO EC,Edappal,Kerala,10.809946636248299,76.00873437017219,GO EC (IN),Public - Membership Required,CCS (Type 2),30.0,4.0,0.0,busy,12.0,87.0,low,2026-09-12 10:07:06,,,,,,,,,,,,,
st_0226,CG Cafe EVCS - GO EC,Pandikkad,Kerala,11.139596145163637,76.23611346181907,GO EC (IN),Public - Membership Required,CCS (Type 2),60.0,3.0,2.0,limited,13.3,33.0,low,2026-09-12 10:07:06,,,,,,,,,,,,,
st_0227,Karulai Malayora Express EVCS - GO EC,Karulai,Kerala,11.288049483016962,76.2979817145112,GO EC (IN),Public - Membership Required,CCS (Type 2),30.0,2.0,2.0,available,7.6,50.0,low,2026-09-12 10:07:06,,,,,,,,,,,,,
st_0228,Jam Joom Super Market - GO EC,Nilambur,Kerala,11.286680725471312,76.23926379142972,GO EC (IN),Public - Membership Required,CCS (Type 2),25.0,1.0,0.0,busy,8.9,67.0,low,2026-09-12 10:07:06,,,,,,,,,,,,,
st_0229,ABS Motors - GO EC,Nilambur,Kerala,11.253647260873336,76.20190120433364,GO EC (IN),Public - Membership Required,CCS (Type 2),30.0,4.0,3.0,limited,10.2,84.0,low,2026-09-12 10:07:06,,,,,,,,,,,,,
st_0230,VP Mall EVCS - GO EC,Manjeri,Kerala,11.128915821482948,76.1153946058683,GO EC (IN),Public - Membership Required,CCS (Type 2),60.0,3.0,2.0,limited,11.5,30.0,low,2026-09-12 10:07:06,,,,,,,,,,,,,
st_0232,Jam Joom EV Charging Station - GO EC,Malappuram,Kerala,11.043180592356803,76.08430155752035,GO EC (IN),Public - Membership Required,CCS (Type 2),25.0,1.0,0.0,busy,7.1,64.0,low,2026-09-12 10:07:06,,,,,,,,,,,,,
st_0233,HIQ Highway Market - GO EC,Venniyour,Kerala,11.021175494360463,75.94812608969006,GO EC (IN),Public - Membership Required,CCS (Type 2),30.0,4.0,1.0,limited,8.4,81.0,low,2026-09-12 10:07:06,,,,,,,,,,,,,
st_0234,Chargify EV Super Charging Station,Malappuram,Kerala,11.07841705440245,75.90276391559283,GO EC (IN),Public - Membership Required,CCS (Type 2),30.0,3.0,2.0,limited,9.7,27.0,low,2026-09-12 10:07:06,,,,,,,,,,,,,
st_0235,Reliance Fresh EVCS - GO EC,Kozhikode,Keral,11.234737422888967,75.84670658837747,GO EC (IN),Public - Membership Required,CCS (Type 2),60.0,2.0,1.0,limited,11.0,44.0,low,2026-09-12 10:07:06,,,,,,,,,,,,,
st_0236,Top Dines Hotel - GO EC,Muthanga,Kerala,11.67080198813612,76.36101965515473,GO EC (IN),Public - Membership Required,CCS (Type 2),30.0,1.0,0.0,busy,12.3,61.0,low,2026-09-12 10:07:06,,,,,,,,,,,,,
st_0237,Cafe Manoila - GO EC,Kalpetta,Kerala,11.597776607258112,76.08013836547212,GO EC (IN),Public - Membership Required,CCS (Type 2),25.0,4.0,4.0,available,6.6,78.0,low,2026-09-12 10:07:06,,,,,,,,,,,,,
st_0238,CGH Wayanad Wild EV Charging Station - GO EC,Lakkidi,Kerala,11.518344247894744,76.02125570474698,GO EC (IN),Public - Membership Required,CCS (Type 2),30.0,3.0,2.0,limited,7.9,95.0,low,2026-09-12 10:07:06,,,,,,,,,,,,,
st_0239,Mall of Mukkom EVCS - GO EC,Mukkom,Kerala,11.319727225409608,75.99551711292489,GO EC (IN),Public - Membership Required,CCS (Type 2),60.0,2.0,2.0,available,9.2,41.0,low,2026-09-12 10:07:06,,,,,,,,,,,,,
st_0240,HOTAG EV Charging Station - GO EC,Thamarassery,Kerala,11.404693280918323,75.92956805877805,GO EC (IN),Public - Membership Required,CCS (Type 2),25.0,1.0,0.0,busy,10.5,58.0,low,2026-09-12 10:07:06,,,,,,,,,,,,,
st_0241,Green Amp EVCS - GO EC,Kozhikode,Kerala,11.258801023176659,75.80890434709401,GO EC (IN),Public - Membership Required,CCS (Type 2),30.0,4.0,2.0,limited,11.8,75.0,low,2026-09-12 10:07:06,,,,,,,,,,,,,
st_0243,Calicut Malabar Gold - GO EC,Kozhikode,Kerala,11.2578618012744,75.78023060486237,GO EC (IN),Public - Membership Required,CCS (Type 2),30.0,2.0,0.0,busy,7.4,38.0,low,2026-09-12 10:07:06,,,,,,,,,,,,,
st_0246,Mandrin Sky - GO EC,Kannur,Kerala,11.927559724028896,75.50047314663139,GO EC (IN),Public - Membership Required,CEE 3 Pin,7.0,3.0,2.0,limited,11.3,89.0,low,2026-09-12 10:07:06,,,,,,,,,,,,,
st_0247,JSR EVCS - GO EC,Mambaram,Kerala,11.825802052750772,75.50895671019161,GO EC (IN),Public - Membership Required,CCS (Type 2),30.0,2.0,1.0,limited,12.6,35.0,low,2026-09-12 10:07:06,,,,,,,,,,,,,
st_0249,Kannur H&H,Melechowa,Kerala,11.87166370155964,75.39598586155216,GO EC (IN),Public - Membership Required,CCS (Type 2),30.0,4.0,3.0,limited,8.2,69.0,low,2026-09-12 10:07:06,,,,,,,,,,,,,
st_0250,G Mall - GO EC,Kannur,Kerala,11.88020074722374,75.3746647850135,GO EC (IN),Public - Membership Required,CCS (Type 2),60.0,3.0,2.0,limited,9.5,86.0,low,2026-09-12 10:07:06,,,,,,,,,,,,,
st_0251,Exit 17 - GO EC,Payyannur,Kerala,12.088637731621432,75.25264584630854,GO EC (IN),Public - Membership Required,CCS (Type 2),30.0,2.0,2.0,available,10.8,32.0,low,2026-09-12 10:07:06,,,,,,,,,,,,,
st_0253,Periya A Star - GO EC,Hosdurg,Kerala,12.40580531032613,75.09629760947793,GO EC (IN),Public - Membership Required,CCS (Type 2),30.0,4.0,1.0,limited,13.4,66.0,low,2026-09-12 10:07:06,,,,,,,,,,,,,
st_0254,Roshi EVCS (EVOK) - ChargeMOD,Kasaragod,Kerala,12.505974173728816,74.98678088662848,ChargeMod (IN),Public - Membership Required,CCS (Type 2),30.0,3.0,2.0,limited,7.7,83.0,low,2026-09-12 10:07:06,,,,,,,,,,,,,
st_0255,Kanhangad KSEB EVCS - ChangeMOD,Kanhangad,Kerala,12.34250549258168,75.1126636714031,ChargeMod (IN),Public - Membership Required,CCS (Type 2),30.0,2.0,0.0,busy,9.0,29.0,low,2026-09-12 10:07:06,,,,,,,,,,,,,
st_0259,Ammas Fast - ChargeMOD,Cheruvathur,Kerala,12.227200225146419,75.15911993928029,ChargeMod (IN),Public - Membership Required,CCS (Type 2),60.0,2.0,1.0,limited,7.2,26.0,low,2026-09-12 10:07:06,,,,,,,,,,,,,
st_0261,Mathil Service Co-Operative Bank EVCS - ChargeMOD,Mathil,Kerala,12.176970146284104,75.24675579831333,ChargeMod (IN),Public - Membership Required,CCS (Type 2),30.0,4.0,2.0,limited,9.8,60.0,low,2026-09-12 10:07:06,,,,,,,,,,,,,
st_0264,EQ Point EVCS - ChargeMOD,Payyannur,Kerala,12.207766235160376,75.27945212654578,ChargeMod (IN),Public - Membership Required,CCS (Type 2),25.0,1.0,0.0,busy,6.7,40.0,low,2026-09-12 10:07:06,,,,,,,,,,,,,
st_0266,PCR Bank EVCS - ChargeMOD,Bakkalam,Kerala,11.997449451910612,75.37090752986185,ChargeMod (IN),Public - Membership Required,CCS (Type 2),30.0,3.0,2.0,limited,9.3,74.0,low,2026-09-12 10:07:06,,,,,,,,,,,,,
st_0268,Manjapalam KSEB EVCS - ChargeMOD,Kannur,Kerala,11.878368279471403,75.35952615318281,ChargeMod (IN),Public - Membership Required,CCS (Type 2),30.0,1.0,0.0,busy,11.9,37.0,low,2026-09-12 10:07:06,,,,,,,,,,,,,
st_0272,Eastend Hotel and Resorts - ChargeMOD,Munnar,Kerala,10.087379401509637,77.06169962565411,ChargeMod (IN),Public - Membership Required,CCS (Type 2),30.0,1.0,0.0,busy,10.1,34.0,low,2026-09-12 10:07:06,,,,,,,,,,,,,
st_0275,Sky Penta EVCS - ChargeMOD,Iritty,Kerala,11.98556152906157,75.67618166036556,ChargeMod (IN),Public - Membership Required,CCS (Type 2),30.0,2.0,2.0,available,7.0,85.0,low,2026-09-12 10:07:06,,,,,,,,,,,,,
st_0276,Reboost EVCS - ChargeMOD,"Panoor, Kannur",Kerala,11.754866634887236,75.5780650614575,ChargeMod (IN),Public - Membership Required,CCS (Type 2),30.0,1.0,0.0,busy,8.3,31.0,low,2026-09-12 10:07:06,,,,,,,,,,,,,
st_0277,Mindful EVCS - ChargeMOD,Payyoli,Kerala,11.520444916879683,75.61798774380323,ChargeMod (IN),Public - Membership Required,CCS (Type 2),60.0,4.0,4.0,available,9.6,48.0,low,2026-09-12 10:07:06,,,,,,,,,,,,,
st_0281,EVOK Charger - ChargeMOD,Kuttiyady,Kerala,11.648901043860448,75.75593648237526,ChargeMod (IN),Public - Membership Required,CCS (Type 2),30.0,4.0,2.0,limited,7.8,45.0,low,2026-09-12 10:07:06,,,,,,,,,,,,,
st_0282,Banasura Sagar KSEB EVCS - ChargeMOD,Padinjarathara,Kerala,11.672923978163224,75.95730580932587,ChargeMod (IN),Public - Membership Required,CCS (Type 2),30.0,3.0,2.0,limited,9.1,62.0,low,2026-09-12 10:07:06,,,,,,,,,,,,,
st_0286,Empire Restaurant - ChargeMOD,Tharuvana,Kerala,11.736405311635153,75.98674422775375,ChargeMod (IN),Public - Membership Required,CCS (Type 2),60.0,3.0,2.0,limited,7.3,59.0,low,2026-09-12 10:07:06,,,,,,,,,,,,,
st_0287,Hotel Wayanad Square - ChargeMOD,Mananthavady,Kerala,11.796977641816383,76.00660113182988,ChargeMod (IN),Public - Membership Required,CCS (Type 2),60.0,2.0,2.0,available,8.6,76.0,low,2026-09-12 10:07:06,,,,,,,,,,,,,
st_0288,Adhithya (EVOK) - ChargeMOD,Sulthan Bathery,Kerala,11.66208634339526,76.26492171189933,ChargeMod (IN),Public - Membership Required,CCS (Type 2),60.0,1.0,0.0,busy,9.9,93.0,low,2026-09-12 10:07:06,,,,,,,,,,,,,
st_0291,Meenangadi EVCS - ChargeMOD,Meenangadi,Kerala,11.654045695974416,76.15358523502817,ChargeMod (IN),Public - Membership Required,CCS (Type 2),60.0,2.0,0.0,busy,6.8,73.0,low,2026-09-12 10:07:06,,,,,,,,,,,,,
st_0292,Konfudha Resort - ChargeMOD,Kalpetta,Kerala,11.591455451778742,76.0709097761802,ChargeMod (IN),Public - Membership Required,CCS (Type 2),30.0,1.0,0.0,busy,8.1,90.0,low,2026-09-12 10:07:06,,,,,,,,,,,,,
st_0296,Vythiri KSEB EVCS - ChargeMOD,Vythiri,Kerala,11.545753724925504,76.03937192662642,ChargeMod (IN),Public - Membership Required,CCS (Type 2),30.0,1.0,0.0,busy,13.3,87.0,low,2026-09-12 10:07:06,,,,,,,,,,,,,
st_0300,Thamarassery KESEB EVCS - ChargeMOD,Thamarassery,Kerala,11.444087429515278,75.95587690828084,ChargeMod (IN),Public - Membership Required,CCS (Type 2),30.0,1.0,0.0,busy,11.5,84.0,low,2026-09-12 10:07:06,,,,,,,,,,,,,
st_0304,Locus EVCS - ChargeMOD,Koduvally,Kerala,11.339683842558289,75.89871568981822,ChargeMod (IN),Public - Membership Required,CCS (Type 2),120.0,1.0,0.0,busy,9.7,81.0,low,2026-09-12 10:07:06,,,,,,,,,,,,,
st_0307,Yadav EV Charging Station - ChargeMOD,Kunnamangalam,Kerala,11.311692154537,75.88259339920793,ChargeMod (IN),Public - Membership Required,CCS (Type 2),60.0,2.0,1.0,limited,6.6,61.0,low,2026-09-12 10:07:06,,,,,,,,,,,,,
st_0308,Kuttoth Enterprises EVCS - ChargeMOD,Kozhikode,Kerala,11.28067356202429,75.8246316733898,ChargeMod (IN),Public - Membership Required,CCS (Type 2),30.0,1.0,0.0,offline,7.9,78.0,low,2026-09-12 10:07:06,,,,,,,,,,,,,
st_0309,RG Nallanna EVCS (EVOK) - ChargeMOD,Kozhikode,Kerala,11.280814669423393,75.82434977256585,ChargeMod (IN),Public - Membership Required,CCS (Type 2),30.0,4.0,3.0,limited,9.2,95.0,low,2026-09-12 10:07:06,,,,,,,,,,,,,
st_0310,Solar Sparks EVCS - ChargeMOD,Koyilandi,Kerala,11.42767541134924,75.70299624247721,ChargeMod (IN),Public - Membership Required,CCS (Type 2),30.0,3.0,2.0,limited,10.5,41.0,low,2026-09-12 10:07:06,,,,,,,,,,,,,
st_0314,Hotel Arcore,Mysuru,Karnataka,12.352687402465657,76.62920329960254,Zeon Charging,Public,CCS (Type 2),60.0,3.0,2.0,limited,8.7,38.0,low,2026-09-12 10:07:06,,,,,,,,,,,,,
st_0316,Manipal Hospital Mysore,Mysuru,Karnataka,12.350145879658738,76.66019890702131,Zeon Charging,Public,CCS (Type 2),60.0,1.0,0.0,busy,11.3,72.0,low,2026-09-12 10:07:06,,,,,,,,,,,,,
st_0317,Pavangad KSEB EVCS - ChargeMOD,Pavangad,Kerala,11.312411619159988,75.75859062889715,ChargeMod (IN),Public - Membership Required,CCS (Type 2),30.0,4.0,4.0,available,12.6,89.0,low,2026-09-12 10:07:06,,,,,,,,,,,,,
st_0321,Gandhi Road KSEB EVCS - ChargeMOD,Kozhikode,Kerala,11.262784457971504,75.76824105215104,ChargeMod (IN),Public - Membership Required,CCS (Type 2),30.0,4.0,2.0,limited,10.8,86.0,low,2026-09-12 10:07:06,,,,,,,,,,,,,
st_0325,Mountainpass Residency - ChargeMOD,Vazhikadavu,Kerala,11.386628059572274,76.35472249074127,ChargeMod (IN),Public - Membership Required,CCS (Type 2),30.0,4.0,0.0,busy,9.0,83.0,low,2026-09-12 10:07:06,,,,,,,,,,,,,
st_0326,Trends Edavannappara EVCS - ChargeMOD,Edavannappara,Kerala,11.24532314543434,75.97749174887804,ChargeMod (IN),Public - Membership Required,CCS (Type 2),30.0,3.0,2.0,limited,10.3,29.0,low,2026-09-12 10:07:06,,,,,,,,,,,,,
st_0327,Indus Motors - ChargeMOD,Feroke,Kerala,11.180743762022216,75.85119863600679,ChargeMod (IN),Public - Membership Required,CCS (Type 2),30.0,2.0,0.0,busy,11.6,46.0,low,2026-09-12 10:07:06,,,,,,,,,,,,,
st_0328,Kay Pees Electricals (EVOK) - ChargeMOD,Pulikkal,Kerala,11.168867778013905,75.92676863268412,ChargeMod (IN),Public - Membership Required,CCS (Type 2),30.0,1.0,0.0,busy,12.9,63.0,low,2026-09-12 10:07:06,,,,,,,,,,,,,
st_0330,NOS2 Varalakshmi Motors EVCS - ChargeMOD,Pingottormad,Kerala,11.144918979517485,75.89616975961107,ChargeMod (IN),Public - Membership Required,CCS (Type 2),30.0,3.0,2.0,limited,8.5,26.0,low,2026-09-12 10:07:06,,,,,,,,,,,,,
st_0331,Tirur KSEB EVCS - ChargeMOD,Tirur,Kerala,10.916247276818709,75.9182865420172,ChargeMod (IN),Public - Membership Required,CCS (Type 2),30.0,2.0,1.0,limited,9.8,43.0,low,2026-09-12 10:07:06,,,,,,,,,,,,,
st_0334,Relax Point Restaurant,Karippol,Kerala,10.922820413293309,76.03291841407719,ChargeMod (IN),Public - Membership Required,CCS (Type 2),30.0,3.0,2.0,limited,6.7,94.0,low,2026-09-12 10:07:06,,,,,,,,,,,,,
st_0336,Thirunilath ECVS Charging Station - ChargeMOD,Kottakkal,Kerala,11.001726591966232,75.98044942341241,ChargeMod (IN),Public - Membership Required,CCS (Type 2),60.0,1.0,0.0,offline,9.3,57.0,low,2026-09-12 10:07:06,,,,,,,,,,,,,
st_0337,Malappuram KSEB EVCS - ChargeMOD,Munduparamba,Kerala,11.054224531620463,76.09214302066452,ChargeMod (IN),Public - Membership Required,CCS (Type 2),30.0,4.0,4.0,available,10.6,74.0,low,2026-09-12 10:07:06,,,,,,,,,,,,,
st_0341,Krishna Enterprises - ChargeMOD,Manjeri,Kerala,11.123033354978745,76.11586842746766,ChargeMod (IN),Public - Membership Required,CCS (Type 2),30.0,4.0,2.0,limited,8.8,71.0,low,2026-09-12 10:07:06,,,,,,,,,,,,,
st_0342,Golden Baked EVCS - ChargeMOD,Manjeri,Kerala,11.123411072326247,76.1241851617412,ChargeMod (IN),Public - Membership Required,CCS (Type 2),30.0,3.0,2.0,limited,10.1,88.0,low,2026-09-12 10:07:06,,,,,,,,,,,,,
st_0343,EcoCharge EVCS - ChargeMOD,Pandikkad,Kerala,11.096399860074243,76.21070705445254,ChargeMod (IN),Public - Membership Required,CCS (Type 2),30.0,2.0,1.0,limited,11.4,34.0,low,2026-09-12 10:07:06,,,,,,,,,,,,,
st_0345,MKM Melattur (EVOK) - ChargeMOD,Melattur,Kerala,11.056208090445123,76.2785120254236,ChargeMod (IN),Public - Membership Required,CCS (Type 2),30.0,4.0,0.0,busy,7.0,68.0,low,2026-09-12 10:07:06,,,,,,,,,,,,,
st_0347,Green Drive EVCS - ChargeMOD,Vengoor,Kerala,11.034502393123473,76.261886610857,ChargeMod (IN),Public - Membership Required,CCS (Type 2),30.0,2.0,2.0,available,9.6,31.0,low,2026-09-12 10:07:06,,,,,,,,,,,,,
st_0348,Hotel Mughal Park - ChargeMOD,Perinthalmanna,Kerala,10.977193894783383,76.22165088752695,ChargeMod (IN),Public - Membership Required,CCS (Type 2),60.0,1.0,0.0,busy,10.9,48.0,low,2026-09-12 10:07:06,,,,,,,,,,,,,
st_0349,Avenue Plaza - ChargeMOD,Mannarkkad,Kerala,10.988864520921608,76.43668850614374,ChargeMod (IN),Public - Membership Required,CCS (Type 2),60.0,4.0,3.0,limited,12.2,65.0,low,2026-09-12 10:07:06,,,,,,,,,,,,,
st_0350,Velanthavalam,Vellamthavalam,Kerala,10.809362994233211,76.8463215936606,ChargeMod (IN),Public - Membership Required,CCS (Type 2),30.0,3.0,2.0,limited,6.5,82.0,low,2026-09-12 10:07:06,,,,,,,,,,,,,
st_0354,Flash Charge EVCS - ChargeMOD,Kanjikkode,Kerala,10.802279980273395,76.78520298821064,ChargeMod (IN),Public - Membership Required,CCS (Type 2),30.0,3.0,2.0,limited,11.7,79.0,low,2026-09-12 10:07:06,,,,,,,,,,,,,
st_0356,Electrica EVCS - ChargeMOD,Palakkad,Kerala,10.785354858796723,76.60395568328435,ChargeMod (IN),Public - Membership Required,CCS (Type 2),30.0,1.0,0.0,busy,7.3,42.0,low,2026-09-12 10:07:06,,,,,,,,,,,,,
st_0358,Sihla Energy - ChargeMOD,Mundur,Kerala,10.839491845338172,76.57999971285123,ChargeMod (IN),Public - Membership Required,CCS (Type 2),30.0,3.0,2.0,limited,9.9,76.0,low,2026-09-12 10:07:06,,,,,,,,,,,,,
st_0359,Lakshmi KRS EVCS - ChargeMOD,Sreekrishnapuram,Kerala,10.898080110436224,76.39529564847953,ChargeMod (IN),Public - Membership Required,CCS (Type 2),30.0,2.0,2.0,available,11.2,93.0,low,2026-09-12 10:07:06,,,,,,,,,,,,,
st_0360,Evee Buddy - ChargeMOD,Lakkidi,Kerala,10.778142494678944,76.43743038448137,ChargeMod (IN),Public - Membership Required,CCS (Type 2),60.0,1.0,0.0,busy,12.5,39.0,low,2026-09-12 10:07:06,,,,,,,,,,,,,
st_0361,Kulappully KSEB EVCS - ChargeMOD,Kulappully,Kerala,10.77974600955646,76.28528085807898,ChargeMod (IN),Public - Membership Required,CCS (Type 2),30.0,4.0,2.0,limited,6.8,56.0,low,2026-09-12 10:07:06,,,,,,,,,,,,,
st_0365,Syndicate Mall and Cinemas,Koppam,Kerala,10.878265919428571,76.1876066172299,ChargeMod (IN),Public - Membership Required,CCS (Type 2),30.0,4.0,0.0,busy,12.0,53.0,low,2026-09-12 10:07:06,,,,,,,,,,,,,
st_0366,Medi Mall EVCS - ChargeMOD,Pattambi,Kerala,10.801586108398224,76.17840842985343,ChargeMod (IN),Public - Membership Required,CCS (Type 2),60.0,3.0,2.0,limited,13.3,70.0,low,2026-09-12 10:07:06,,,,,,,,,,,,,
st_0367,Koottanad KSEB EVCS - ChargeMOD,Kootanad,Kerala,10.75829320199584,76.13036645434083,ChargeMod (IN),Public - Membership Required,CCS (Type 2),60.0,2.0,1.0,limited,7.6,87.0,low,2026-09-12 10:07:06,,,,,,,,,,,,,
st_0370,Sihla Energy EVCS - ChargeMOD,Changaramkulam,Kerala,10.734551963997376,76.0486466862173,ChargeMod (IN),Public - Membership Required,CCS (Type 2),60.0,3.0,2.0,limited,11.5,67.0,low,2026-09-12 10:07:06,,,,,,,,,,,,,
st_0371,Kadharkkante Chayakkada - ChargeMOD,Changaramkulam,Kerala,10.732605539222304,76.03743007303852,ChargeMod (IN),Public - Membership Required,CCS (Type 2),30.0,2.0,2.0,available,12.8,84.0,low,2026-09-12 10:07:06,,,,,,,,,,,,,
st_0372,Maranchery Bank EVCS - ChargeMOD,Maranchery,Kerala,10.733824066652744,75.97481311884229,ChargeMod (IN),Public - Membership Required,CCS (Type 2),30.0,1.0,0.0,busy,7.1,30.0,low,2026-09-12 10:07:06,,,,,,,,,,,,,
st_0374,Sihla Energy CV Junction,Ponnanu,Kerala,10.78474624498736,75.94715236357325,ChargeMod (IN),Public - Membership Required,CCS (Type 2),30.0,3.0,2.0,limited,9.7,64.0,low,2026-09-12 10:07:06,,,,,,,,,,,,,
st_0375,Ponnani KSEB EVCS - ChargeMOD,Ponnani,Kerala,10.772702625897848,75.94715150475236,ChargeMod (IN),Public - Membership Required,CCS (Type 2),30.0,2.0,0.0,busy,11.0,81.0,low,2026-09-12 10:07:06,,,,,,,,,,,,,
st_0381,SR Power Hub - ChargeMOD,Wadakkanchery,Kerala,10.644411306533499,76.2366523754647,ChargeMod (IN),Public - Membership Required,CCS (Type 2),60.0,4.0,2.0,limited,11.8,41.0,low,2026-09-12 10:07:06,,,,,,,,,,,,,
st_0384,Executive EVCS - ChargeMOD,Kechery,Kerala,10.616626586395299,76.12578392344302,ChargeMod (IN),Public - Membership Required,CCS (Type 2),30.0,1.0,0.0,busy,8.7,92.0,low,2026-09-12 10:07:06,,,,,,,,,,,,,
st_0386,Core Multicusine Restaurant - ChargeMOD,Killannur,Kerala,10.605823669307211,76.21178763460574,ChargeMod (IN),Public - Membership Required,CCS (Type 2),30.0,3.0,2.0,limited,11.3,55.0,low,2026-09-12 10:07:06,,,,,,,,,,,,,
st_0387,Plug and Share Charge EVCS - ChargeMOD,Thrissur,Kerala,10.540561786051624,76.21568678106814,ChargeMod (IN),Public - Membership Required,CCS (Type 2),30.0,2.0,0.0,busy,12.6,72.0,low,2026-09-12 10:07:06,,,,,,,,,,,,,
st_0389,Vydyuthi Bhavan KSEB EVCS - ChargeMOD,Thrissur,Kerala,10.527794705960048,76.20534384591946,ChargeMod (IN),Public - Membership Required,CCS (Type 2),30.0,4.0,3.0,limited,8.2,35.0,low,2026-09-12 10:07:06,,,,,,,,,,,,,
st_0393,V8 Car Spa (EVOK) - ChargeMOD,Thrissur,Kerala,10.521332304786895,76.23075684655782,ChargeMod (IN),Public - Membership Required,CCS (Type 2),30.0,4.0,1.0,limited,13.4,32.0,low,2026-09-12 10:07:06,,,,,,,,,,,,,
st_0395,Guardian EV Charging Station by Imminent Future - ChargeMOD,Thrissur,Kerala,10.522036160727891,76.22756889930916,ChargeMod (IN),Public - Membership Required,CCS (Type 2),30.0,2.0,2.0,available,9.0,66.0,low,2026-09-12 10:07:06,,,,,,,,,,,,,
st_0396,Anchorage AC - ChargeMOD,Mundupalam,Kerala,10.51150300660646,76.2211242647158,ChargeMod (IN),Public - Membership Required,CCS (Type 2),30.0,1.0,0.0,busy,10.3,83.0,low,2026-09-12 10:07:06,,,,,,,,,,,,,
st_0397,Flash Hub EVCS - ChargeMOD,Thrissur,Kerala,10.504451667440918,76.2253414703747,ChargeMod (IN),Public - Membership Required,CCS (Type 2),30.0,3.0,3.0,available,7.3,46.0,medium,2026-09-12 10:07:06,,,,,,,,,,,,,
st_0400,Hotel Bhavan EVCS (EVOK) - ChargeMOD,Engandiyoor,Kerala,10.497688531804059,76.06464225925947,ChargeMod (IN),Public - Membership Required,CCS (Type 2),30.0,1.0,0.0,busy,8.5,80.0,low,2026-09-12 10:07:06,,,,,,,,,,,,,
st_0401,Surya Hotel (EVOK) - ChargeMOD,Chazhoor,Kerala,10.431569255270972,76.142559510641,ChargeMod (IN),Public - Membership Required,CCS (Type 2),30.0,4.0,2.0,limited,9.8,26.0,low,2026-09-12 10:07:06,,,,,,,,,,,,,
st_0403,Valappad KSEB EVCS - ChargeMOD,Valappad,Kerala,10.401732210974812,76.11933511778938,ChargeMod (IN),Public - Membership Required,CCS (Type 2),30.0,2.0,1.0,limited,12.4,60.0,low,2026-09-12 10:07:06,,,,,,,,,,,,,
st_0407,Nattika FIRKA Service Co-Operative Bank - ChargeMOD,Nattika,Kerala,10.402437782624176,76.11263307811235,ChargeMod (IN),Public - Membership Required,CCS (Type 2),60.0,2.0,2.0,available,10.6,57.0,low,2026-09-12 10:07:06,,,,,,,,,,,,,
st_0409,Irinjalakkuda KSEB EVCS - ChargeMOD,Irinjalakkuda,Kerala,10.331423098125155,76.21526077419406,ChargeMod (IN),Public - Membership Required,CCS (Type 2),30.0,4.0,3.0,limited,13.2,91.0,low,2026-09-12 10:07:06,,,,,,,,,,,,,
st_0413,Changathikoottam EVCS - ChargeMOD,Nenmara,Kerala,10.593403340483874,76.58352519849984,ChargeMod (IN),Public - Membership Required,CCS (Type 2),30.0,4.0,1.0,limited,11.4,88.0,low,2026-09-12 10:07:06,,,,,,,,,,,,,
st_0414,Vadakkenchery KSEB EVCS - ChargeMOD,Vadakkenchery,Kerala,10.59723817456826,76.4798493658505,ChargeMod (IN),Public - Membership Required,CCS (Type 2),30.0,3.0,2.0,limited,12.7,34.0,low,2026-09-12 10:07:06,,,,,,,,,,,,,
st_0420,Plugin EVCS - ChargeMOD,Marathakkara,Kerala,10.476826918091616,76.25758184965241,ChargeMod (IN),Public - Membership Required,CCS (Type 2),60.0,1.0,0.0,offline,6.5,65.0,low,2026-09-12 10:07:06,,,,,,,,,,,,,
st_0422,Topup Zone EVCS - ChargeMOD,Amballur,Kerala,10.433892384483272,76.26514871789954,ChargeMod (IN),Public - Membership Required,CCS (Type 2),60.0,3.0,2.0,limited,9.1,28.0,low,2026-09-12 10:07:06,,,,,,,,,,,,,
st_0423,EV Point EVCS - ChargeMOD,Kodakara,Kerala,10.380660869345943,76.29768618030681,ChargeMod (IN),Public - Membership Required,CCS (Type 2),60.0,2.0,0.0,busy,10.4,45.0,low,2026-09-12 10:07:06,,,,,,,,,,,,,
st_0424,Korner EVCS - ChargeMOD,Thrissur,Kerala,10.367048481339792,76.31535658210883,ChargeMod (IN),Public - Membership Required,CCS (Type 2),30.0,1.0,0.0,busy,11.7,62.0,low,2026-09-12 10:07:06,,,,,,,,,,,,,
st_0426,Edassery Samrudhi Hypermarket (EVOK) - ChargeMOD,Chalakudy,Kerala,10.30310177272014,76.33704224327056,ChargeMod (IN),Public - Membership Required,CCS (Type 2),30.0,3.0,2.0,limited,7.3,25.0,low,2026-09-12 10:07:06,,,,,,,,,,,,,
st_0427,Indian Coffee House (EVOK) - ChargeMOD,Chalakkudy,Kerala,10.28934329936537,76.33706820135647,ChargeMod (IN),Public - Membership Required,CCS (Type 2),30.0,2.0,1.0,limited,8.6,42.0,low,2026-09-12 10:07:06,,,,,,,,,,,,,
st_0428,Clay House Hotel,Chalakkudy,Kerala,10.285574229385333,76.34237765373388,ChargeMod (IN),Public - Membership Required,CCS (Type 2),30.0,1.0,0.0,busy,9.9,59.0,low,2026-09-12 10:07:06,,,,,,,,,,,,,
st_0429,Hill View Resort (EVOK) - ChargeMOD,Athirappilly,Kerala,10.286039650950215,76.5585155754053,ChargeMod (IN),Public - Membership Required,CCS (Type 2),30.0,4.0,3.0,limited,11.2,76.0,low,2026-09-12 10:07:06,,,,,,,,,,,,,
st_0431,EVOK Charging Station - ChargeMOD,Angamaly,Kerala,10.21406147599896,76.37936728862815,ChargeMod (IN),Public - Membership Required,CCS (Type 2),30.0,2.0,2.0,available,6.8,39.0,low,2026-09-12 10:07:06,,,,,,,,,,,,,
st_0432,Edassery Blue Bells EVCS - ChargeMOD,Angamaly,Kerala,10.197144124540088,76.38410959459151,ChargeMod (IN),Public - Membership Required,CCS (Type 2),30.0,1.0,0.0,busy,8.1,56.0,low,2026-09-12 10:07:06,,,,,,,,,,,,,
st_0434,Hotel Elite Palazzo,Angamaly,Kerala,10.189753400173174,76.38664227055722,ChargeMod (IN),Public - Membership Required,CCS (Type 2),50.0,3.0,2.0,limited,10.7,90.0,low,2026-09-12 10:07:06,,,,,,,,,,,,,
st_0435,ChargeMOD EVCS Hub,Nedumbassery,Kerala,10.16955160052332,76.37225560702467,ChargeMod (IN),Public - Membership Required,CCS (Type 2),30.0,2.0,0.0,busy,12.0,36.0,low,2026-09-12 10:07:06,,,,,,,,,,,,,
st_0438,CIAL Terminal 3,Nedumbassery,Kerala,10.156586379443638,76.39193156471644,ChargeMod (IN),Public - Membership Required,CCS (Type 2),30.0,3.0,2.0,limited,8.9,87.0,low,2026-09-12 10:07:06,,,,,,,,,,,,,
st_0440,CIAL Terminal 1,Nedumbassery,Kerala,10.156867560906605,76.38897989990119,ChargeMod (IN),Public - Membership Required,CCS (Type 2),30.0,1.0,0.0,busy,11.5,50.0,low,2026-09-12 10:07:06,,,,,,,,,,,,,
st_0442,Capgo EVCS - ChargeMOD,Nedumbassery,Kerala,10.1599144837582,76.38915826754294,ChargeMod (IN),Public - Membership Required,CCS (Type 2),30.0,3.0,2.0,limited,7.1,84.0,low,2026-09-12 10:07:06,,,,,,,,,,,,,
st_0443,Jippus Galaxy EVCS - ChargeMOD,Nedumbassery,Kerala,10.161062057476384,76.38563077960612,ChargeMod (IN),Public - Membership Required,CCS (Type 2),25.0,2.0,2.0,available,8.4,30.0,low,2026-09-12 10:07:06,,,,,,,,,,,,,
st_0444,Airsuite Airport Hotel,Nedumbassery,Kerala,10.159295127176051,76.378522878571,ChargeMod (IN),Public - Membership Required,CCS (Type 2),30.0,1.0,0.0,busy,9.7,47.0,low,2026-09-12 10:07:06,,,,,,,,,,,,,
st_0445,North Paravoor KSEB EVCS - ChargeMOD,North Paravoor,Kerala,10.145632978293406,76.25690380565497,ChargeMod (IN),Public - Membership Required,CCS (Type 2),30.0,4.0,0.0,busy,11.0,64.0,low,2026-09-12 10:07:06,,,,,,,,,,,,,
st_0448,Dhruv EVCS - ChargeMOD,Kunnukara,Kerala,10.154913045890252,76.2860144477422,ChargeMod (IN),Public - Membership Required,CCS (Type 2),30.0,1.0,0.0,offline,7.9,44.0,low,2026-09-12 10:07:06,,,,,,,,,,,,,
st_0450,Sulfex Mattress (EVOK) - ChargeMOD,Choornikkara,Kerala,10.081559652703303,76.33986741548817,ChargeMod (IN),Public - Membership Required,CCS (Type 2),30.0,3.0,2.0,limited,10.5,78.0,low,2026-09-12 10:07:06,,,,,,,,,,,,,
st_0451,EVM MG Motors Coastline Garage - ChargeMOD,Kochi,Kerala,10.077284480624044,76.3376412345441,ChargeMod (IN),Public - Membership Required,CCS (Type 2),60.0,2.0,1.0,limited,11.8,95.0,low,2026-09-12 10:07:06,,,,,,,,,,,,,
st_0452,Steelane (EVOK) - ChargeMOD,Kalamassery,Kerala,10.040433868452538,76.33852407332273,ChargeMod (IN),Public - Membership Required,CCS (Type 2),30.0,1.0,0.0,busy,13.1,41.0,low,2026-09-12 10:07:06,,,,,,,,,,,,,
st_0453,Kalamassery KSEB EVCS - ChargeMOD,Kalamassery,Kerala,10.053770034128176,76.33086763254079,ChargeMod (IN),Public - Membership Required,CCS (Type 2),30.0,4.0,1.0,limited,7.4,58.0,low,2026-09-12 10:07:06,,,,,,,,,,,,,
st_0457,Rajagiri College EVCS - ChargeMOD,Kalamassery,Kerala,10.052459248046603,76.31465630080953,ChargeMod (IN),Public - Membership Required,CCS (Type 2),30.0,4.0,4.0,available,12.6,55.0,low,2026-09-12 10:07:06,,,,,,,,,,,,,
st_0460,Flash Charge - ChargeMOD,Edappally,Keral,10.02776086032486,76.31117443905742,ChargeMod (IN),Public - Membership Required,CCS (Type 2),30.0,1.0,0.0,busy,9.5,35.0,low,2026-09-12 10:07:06,,,,,,,,,,,,,
st_0462,Kaloor KSEB EVCS - ChargeMOD,Kaloor,Kerala,10.000241036861423,76.29842982467909,ChargeMod (IN),Public - Membership Required,CCS (Type 2),30.0,3.0,2.0,limited,12.1,69.0,low,2026-09-12 10:07:06,,,,,,,,,,,,,
st_0466,Gandhinagar KSEB EVCS - ChargeMOD,Kochi,Kerala,9.974192529648036,76.29368170309505,ChargeMod (IN),Public - Membership Required,CCS (Type 2),30.0,3.0,2.0,limited,10.3,66.0,low,2026-09-12 10:07:06,,,,,,,,,,,,,
st_0470,Chillax EVCS (EVOK) - ChargeMOD,Thammanam,Kerala,9.98500517840421,76.3160654318624,ChargeMod (IN),Public - Membership Required,CCS (Type 2),30.0,3.0,2.0,limited,8.5,63.0,low,2026-09-12 10:07:06,,,,,,,,,,,,,
st_0471,Evee Buddy - Memaid EVCS - ChargeMOD,Vyttila,Kerala,9.971684804361004,76.32415963358552,ChargeMod (IN),Public - Membership Required,CCS (Type 2),30.0,2.0,0.0,busy,9.8,80.0,low,2026-09-12 10:07:06,,,,,,,,,,,,,
st_0472,Broad Bean Hotel (EVOK) - ChargeMOD,Vyttila,Kerala,9.962667763402434,76.31821354245427,ChargeMod (IN),Public - Membership Required,CCS (Type 2),60.0,1.0,0.0,busy,11.1,26.0,low,2026-09-12 10:07:06,,,,,,,,,,,,,
st_0473,Vyttila KSEB EVCS - ChargeMOD,Vyttila,Keral,9.962901962801453,76.31922070618451,ChargeMod (IN),Public - Membership Required,CCS (Type 2),30.0,4.0,1.0,limited,12.4,43.0,low,2026-09-12 10:07:06,,,,,,,,,,,,,
st_0477,BYD EVM Southcoast Service Centre - ChargeMOD,Maradu,Kerala,9.94813498576815,76.3185017592293,ChargeMod (IN),Public - Membership Required,CCS (Type 2),60.0,4.0,4.0,available,10.6,40.0,low,2026-09-12 10:07:06,,,,,,,,,,,,,
st_0478,EVM La Maison Citroen Kochi - ChargeMOD,Maradu,Kerala,9.940155100929145,76.31841841422022,ChargeMod (IN),Public - Membership Required,CCS (Type 2),30.0,3.0,2.0,limited,11.9,57.0,low,2026-09-12 10:07:06,,,,,,,,,,,,,
st_0480,LiON EVCS - ChargeMOD,Maradu,Kerala,9.94222521279606,76.33388510471883,ChargeMod (IN),Public - Membership Required,CCS (Type 2),30.0,1.0,0.0,busy,7.5,91.0,low,2026-09-12 10:07:06,,,,,,,,,,,,,
st_0482,Rajagiri Hospital EVCS - ChargeMOD,Aluva,Kerala,10.088031831505504,76.3890422078266,ChargeMod (IN),Public - Membership Required,CCS (Type 2),30.0,3.0,2.0,limited,10.1,54.0,low,2026-09-12 10:07:06,,,,,,,,,,,,,
st_0485,Raos EVCS - ChargeMOD,Thrippunithara,Kerala,9.93254634166027,76.3882939775574,ChargeMod (IN),Public - Membership Required,CCS (Type 2),30.0,4.0,0.0,busy,7.0,34.0,low,2026-09-12 10:07:06,,,,,,,,,,,,,
st_0486,PPG Home EVCS - ChargeMOD,Thrippunithara,Kerala,9.932987601606115,76.38873573076705,ChargeMod (IN),Public - Membership Required,CCS (Type 2),60.0,3.0,2.0,limited,8.3,51.0,low,2026-09-12 10:07:06,,,,,,,,,,,,,
st_0489,We Connect EVCS - ChargeMOD,Kakkanad,Kerala,10.001801810427551,76.36151799279622,ChargeMod (IN),Public - Membership Required,CCS (Type 2),60.0,4.0,3.0,limited,12.2,31.0,low,2026-09-12 10:07:06,,,,,,,,,,,,,
st_0490,Wonderla - Statiq,Pallikkara,Kerala,10.02602207094047,76.3919959661103,Statiq (IN),Public - Membership Required,CCS (Type 2),60.0,3.0,2.0,limited,6.5,48.0,low,2026-09-12 10:07:06,,,,,,,,,,,,,
st_0493,Matha DC EVCS - ChargeMOD,Kizhakkambalam,Kerala,10.031936931279205,76.40749252320211,ChargeMod (IN),Public - Membership Required,CCS (Type 2),30.0,4.0,1.0,limited,10.4,28.0,low,2026-09-12 10:07:06,,,,,,,,,,,,,
st_0495,Hotel Oottupura (EVOK) - ChargeMOD,Perumbavoor,Kerala,10.130170867903814,76.47072020964066,ChargeMod (IN),Public - Membership Required,CCS (Type 2),30.0,2.0,0.0,busy,13.0,62.0,low,2026-09-12 10:07:06,,,,,,,,,,,,,
st_0496,Renvolt (EVOK) - ChargeMOD,Kothamangalam,Kerala,10.069470074742668,76.60263007017147,ChargeMod (IN),Public - Membership Required,CCS (Type 2),60.0,1.0,0.0,busy,7.3,79.0,low,2026-09-12 10:07:06,,,,,,,,,,,,,
st_0497,Kothamangalam KSEB EVCS - ChargeMOD,Kothamangalam,Kerala,10.053980539499676,76.61538420232228,ChargeMod (IN),Public - Membership Required,CCS (Type 2),30.0,4.0,4.0,available,8.6,25.0,low,2026-09-12 10:07:06,,,,,,,,,,,,,
st_0501,GATR PowerFin EVCS - ChargeMOD,Muvattupuzha,Kerala,9.979468552526953,76.55067812604801,ChargeMod (IN),Public - Membership Required,CCS (Type 2),30.0,4.0,2.0,limited,6.8,93.0,low,2026-09-12 10:07:06,,,,,,,,,,,,,
st_0502,PlugMap EVCS by Evan and Eyan - ChargeMOD,Moovattupuzha,Kerala,9.978862993946649,76.58443995153965,ChargeMod (IN),Public - Membership Required,CCS (Type 2),30.0,3.0,2.0,limited,8.1,39.0,low,2026-09-12 10:07:06,,,,,,,,,,,,,
st_0504,Kabani International (EVOK) - ChargeMOD,Moovattupuzha,Kerala,9.979118267964807,76.58664022612703,ChargeMod (IN),Public - Membership Required,CCS (Type 2),30.0,1.0,0.0,offline,10.7,73.0,low,2026-09-12 10:07:06,,,,,,,,,,,,,
st_0506,Pineapple City EVCS - ChargeMOD,Thodupuzha,Kerala,9.946157359688044,76.6356309994008,ChargeMod (IN),Public - Membership Required,CCS (Type 2),60.0,3.0,2.0,limited,13.3,36.0,low,2026-09-12 10:07:06,,,,,,,,,,,,,
st_0507,Hotel Woodlands - ChargeMOD,Thodupuzha,Kerala,9.91734069694752,76.68758141119349,ChargeMod (IN),Public - Membership Required,CCS (Type 2),30.0,2.0,0.0,busy,7.6,53.0,low,2026-09-12 10:07:06,,,,,,,,,,,,,
st_0509,Thodupuzha KSEB EVCS - ChargeMOD,Thodupuzha,Kerala,9.892123471651985,76.7085305288831,ChargeMod (IN),Public - Membership Required,CCS (Type 2),30.0,4.0,3.0,limited,10.2,87.0,low,2026-09-12 10:07:06,,,,,,,,,,,,,
st_0513,EQ EV Nest - ChargeMOD,Karimkunnam,Kerala,9.863113531376897,76.6970905245609,ChargeMod (IN),Public - Membership Required,CCS (Type 2),30.0,4.0,1.0,limited,8.4,84.0,low,2026-09-12 10:07:06,,,,,,,,,,,,,
st_0515,Royal EV Charging - ChargeMOD,Koothattukulam,Keraka,9.856562504416216,76.59656979753363,ChargeMod (IN),Public - Membership Required,CCS (Type 2),30.0,2.0,2.0,available,11.0,47.0,low,2026-09-12 10:07:06,,,,,,,,,,,,,
st_0518,EQ ChargeMate - ChargeMOD,Thalayolaparambu,Kerala,9.79885081745235,76.4598873830646,ChargeMod (IN),Public - Membership Required,CCS (Type 2),30.0,3.0,2.0,limited,7.9,27.0,low,2026-09-12 10:07:06,,,,,,,,,,,,,
st_0522,BMW EVM Autokraft Service Center - ChargeMOD,Kochuveli,Kerala,8.502329327755106,76.89772557160752,ChargeMod (IN),Public - Membership Required,CCS (Type 2),24.0,3.0,2.0,limited,13.1,95.0,low,2026-09-12 10:07:06,,,,,,,,,,,,,
st_0523,ChargeMOD EVCS,Thiruvananthapuram,Kerala,8.357873853342397,77.07294497953485,ChargeMod (IN),Public - Membership Required,CCS (Type 2),40.0,2.0,1.0,limited,7.4,41.0,low,2026-09-12 10:07:06,,,,,,,,,,,,,
st_0524,Emily By JDaniels,Poojappura,Kerala,8.49497477821879,76.97756797546737,ChargeMod (IN),Public - Membership Required,CCS (Type 2),60.0,1.0,0.0,busy,8.7,58.0,low,2026-09-12 10:07:06,,,,,,,,,,,,,
st_0525,Nuke EVCS - ChargeMOD,Sreekaryam,Kerala,8.548542374667107,76.91829327971475,ChargeMod (IN),Public - Membership Required,CCS (Type 2),30.0,4.0,0.0,offline,10.0,75.0,low,2026-09-12 10:07:06,,,,,,,,,,,,,
st_0527,Electro Zone EV Fast Charging Station - ChargeMOD,Karyavattom,Kerala,8.560820152303819,76.89816463865814,ChargeMod (IN),Public - Membership Required,CCS (Type 2),30.0,2.0,2.0,available,12.6,38.0,low,2026-09-12 10:07:06,,,,,,,,,,,,,
st_0528,Akshaya EV Fast Charging Station - ChargeMOD,Kazhakuttom,Kerala,8.565300166377725,76.87444738407987,ChargeMod (IN),Public - Membership Required,CCS (Type 2),30.0,1.0,0.0,busy,6.9,55.0,low,2026-09-12 10:07:06,,,,,,,,,,,,,
st_0530,Hybrid Cars Kazkakuttom - ChargeMOD,Kazhakuttom,Kerala,8.55244958936157,76.87447235946559,ChargeMod (IN),Public - Membership Required,CCS (Type 2),30.0,3.0,2.0,limited,9.5,89.0,low,2026-09-12 10:07:06,,,,,,,,,,,,,
st_0531,Moolamattom KSEB EVCS - ChargeMOD,Moolamattom,Kerala,9.789170222066856,76.85385688839403,ChargeMod (IN),Public - Membership Required,CCS (Type 2),30.0,2.0,0.0,busy,10.8,35.0,low,2026-09-12 10:07:06,,,,,,,,,,,,,
st_0535,EQ Vagamon EV Port - ChargeMOD,Vagamon,Kerala,9.68430398680107,76.8954826387343,ChargeMod (IN),Public - Membership Required,CCS (Type 2),30.0,2.0,1.0,limited,9.0,32.0,low,2026-09-12 10:07:06,,,,,,,,,,,,,
st_0538,Palm Peats (EVOK) - ChargeMOD,Erattupetta,Kerala,9.690678968394721,76.7745897285775,ChargeMod (IN),Public - Membership Required,CCS (Type 2),30.0,3.0,2.0,limited,12.9,83.0,low,2026-09-12 10:07:06,,,,,,,,,,,,,
st_0539,Flour Mill (EVOK) - ChargeMOD,Pala,Kerala,9.711918348051457,76.6932444958519,ChargeMod (IN),Public - Membership Required,CCS (Type 2),30.0,2.0,2.0,available,7.2,29.0,low,2026-09-12 10:07:06,,,,,,,,,,,,,
st_0540,Jim and Jims EVCS - ChargeMOD,Pala,Kerala,9.69162379783492,76.64031694680193,ChargeMod (IN),Public - Membership Required,CCS (Type 2),60.0,1.0,0.0,busy,8.5,46.0,low,2026-09-12 10:07:06,,,,,,,,,,,,,
st_0542,Alpha Hangout Play World,Ettumanoor,Kerala,9.66116385221578,76.55132832762774,ChargeMod (IN),Public - Membership Required,CCS (Type 2),60.0,3.0,2.0,limited,11.1,80.0,low,2026-09-12 10:07:06,,,,,,,,,,,,,
st_0543,Gandhi Nagar KSEB EVCS - ChargeMOD,Arpookara,Kerala,9.632684209424424,76.52440170126067,ChargeMod (IN),Public - Membership Required,CCS (Type 2),30.0,2.0,0.0,busy,12.4,26.0,low,2026-09-12 10:07:06,,,,,,,,,,,,,
st_0546,Indraprastha Hotel (EVOK) - ChargeMOD,Kottayam,Kerala,9.601836959255364,76.5321590128982,ChargeMod (IN),Public - Membership Required,CCS (Type 2),30.0,3.0,2.0,limited,9.3,77.0,low,2026-09-12 10:07:06,,,,,,,,,,,,,
st_0547,Charge n Fresh EVCS - ChargeMOD,Kottayam,Kerala,9.5862574882092,76.58841522125499,ChargeMod (IN),Public - Membership Required,CCS (Type 2),30.0,2.0,1.0,limited,10.6,94.0,low,2026-09-12 10:07:06,,,,,,,,,,,,,
st_0549,Pallam KSEB EVCS - ChargeMOD,Pallom,Kerala,9.543064906573704,76.51423132822606,ChargeMod (IN),Public - Membership Required,CCS (Type 2),30.0,4.0,3.0,limited,13.2,57.0,low,2026-09-12 10:07:06,,,,,,,,,,,,,
st_0553,Amma Restaurant,Alappuzha,Kerala,9.519932044528945,76.32752164445753,ChargeMod (IN),Public - Membership Required,CCS (Type 2),30.0,4.0,1.0,limited,11.4,54.0,low,2026-09-12 10:07:06,,,,,,,,,,,,,
st_0554,Thankamanys EV Fast Charging Station - ChargeMOD,Alappuzha,Kerala,9.505147465480917,76.3283259818874,ChargeMod (IN),Public - Membership Required,CCS (Type 2),30.0,3.0,2.0,limited,12.7,71.0,low,2026-09-12 10:07:06,,,,,,,,,,,,,
st_0555,Punnapra KSEB EVCS - ChargeMOD,Punnapra,Kerala,9.42561690304693,76.34677264043891,ChargeMod (IN),Public - Membership Required,CCS (Type 2),30.0,2.0,0.0,busy,7.0,88.0,low,2026-09-12 10:07:06,,,,,,,,,,,,,
st_0558,Pathalil EVCS - Charge MOD,Nedumkunnam,Kerala,9.506164435852696,76.65233361498814,ChargeMod (IN),Public - Membership Required,CCS (Type 2),30.0,3.0,2.0,limited,10.9,68.0,low,2026-09-12 10:07:06,,,,,,,,,,,,,
st_0559,JJ E Fills - ChargeMOD,Changanassery,Kerala,9.45225032580369,76.54723889833599,ChargeMod (IN),Public - Membership Required,CCS (Type 2),60.0,2.0,1.0,limited,12.2,85.0,low,2026-09-12 10:07:06,,,,,,,,,,,,,
st_0561,Wealfro EV Hub,Thiruvalla,Kerala,9.42107626726309,76.54613416788874,ChargeMod (IN),Public - Membership Required,CCS (Type 2),40.0,4.0,2.0,limited,7.8,48.0,low,2026-09-12 10:07:06,,,,,,,,,,,,,
st_0562,Anand Hypermarket - ChargeMOD,Thiruvalla,Kerala,9.373321982204288,76.56481064983558,ChargeMod (IN),Public - Membership Required,CCS (Type 2),25.0,3.0,2.0,limited,9.1,65.0,low,2026-09-12 10:07:06,,,,,,,,,,,,,
st_0563,Iongrid EV Spark - ChargeMOD,Edathwa,Kerala,9.36752588026147,76.49951805750726,ChargeMod (IN),Public - Membership Required,CCS (Type 2),30.0,2.0,2.0,available,10.4,82.0,low,2026-09-12 10:07:06,,,,,,,,,,,,,
st_0566,V Charge Hub - ChargeMOD,Karuvatta,Kerala,9.31425028332201,76.42910773148486,ChargeMod (IN),Public - Membership Required,CCS (Type 2),60.0,3.0,2.0,limited,7.3,62.0,low,2026-09-12 10:07:06,,,,,,,,,,,,,
st_0569,Quick Charge EVCS - ChargeMOD,Karuvatta,Kerala,9.315750048885038,76.40122120264317,ChargeMod (IN),Public - Membership Required,CCS (Type 2),60.0,4.0,3.0,limited,11.2,42.0,low,2026-09-12 10:07:06,,,,,,,,,,,,,
st_0573,Phills Hub EVCS - ChargeMOD,Pathanamthitta,Kerala,9.316652369390567,76.80090226904508,ChargeMod (IN),Public - Membership Required,CCS (Type 2),60.0,4.0,1.0,limited,9.4,39.0,low,2026-09-12 10:07:06,,,,,,,,,,,,,
st_0574,Pamba KSEB EVCS - ChargeMOD,Pamba,Kerala,9.41237811869347,77.069968563425,ChargeMod (IN),Public - Membership Required,CCS (Type 2),30.0,3.0,2.0,limited,10.7,56.0,low,2026-09-12 10:07:06,,,,,,,,,,,,,
st_0578,EVOK Pathanamthitta - ChargeMOD,Pathanamthitta,Kerala,9.306222052286829,76.80366578189017,ChargeMod (IN),Public - Membership Required,CCS (Type 2),30.0,3.0,2.0,limited,8.9,53.0,low,2026-09-12 10:07:06,,,,,,,,,,,,,
st_0579,Green Plug EVCS - ChargeMOD,Chengannur,Kerala,9.27184465707772,76.65508788685014,ChargeMod (IN),Public - Membership Required,CCS (Type 2),30.0,2.0,0.0,busy,10.2,70.0,low,2026-09-12 10:07:06,,,,,,,,,,,,,
st_0580,PTC Arcade - ChargeMOD,Chengannur,Kerala,9.3012934024366,76.63077878361092,ChargeMod (IN),Public - Membership Required,CCS (Type 2),90.0,1.0,0.0,busy,11.5,87.0,low,2026-09-12 10:07:06,,,,,,,,,,,,,
st_0582,Muzhangodayil EVCS - ChargeMOD,Harippad,,9.251673852976054,76.48723263635628,ChargeMod (IN),Public - Membership Required,CCS (Type 2),60.0,3.0,2.0,limited,7.1,50.0,low,2026-09-12 10:07:06,,,,,,,,,,,,,
st_0583,Askar EV - ChargeMOD,Mavelikkara,Kerala,9.23250558016045,76.53790278235039,ChargeMod (IN),Public - Membership Required,CCS (Type 2),25.0,2.0,1.0,limited,8.4,67.0,low,2026-09-12 10:07:06,,,,,,,,,,,,,
st_0584,Anaswara Jewellers EVCS - ChargeMOD,Konni,Kerala,9.229128424494249,76.84839128111668,ChargeMod (IN),Public - Membership Required,CCS (Type 2),30.0,1.0,0.0,busy,9.7,84.0,low,2026-09-12 10:07:06,,,,,,,,,,,,,
st_0585,EQ Power Buzz EVCS - ChargeMOD,Paranthal,Kerala,9.187183740570958,76.7092954957807,ChargeMod (IN),Public - Membership Required,CCS (Type 2),25.0,4.0,0.0,busy,11.0,30.0,low,2026-09-12 10:07:06,,,,,,,,,,,,,
st_0587,Adhithya Green Power - ChargeMOD,Paranthal,Kerala,9.180307946017875,76.70896676308257,ChargeMod (IN),Public - Membership Required,CCS (Type 2),30.0,2.0,2.0,available,6.6,64.0,low,2026-09-12 10:07:06,,,,,,,,,,,,,
st_0588,SR Auto Zone - ChargeMOD,Adoor,Kerala,9.162499405108221,76.71051677559518,ChargeMod (IN),Public - Membership Required,CCS (Type 2),30.0,1.0,0.0,offline,7.9,81.0,low,2026-09-12 10:07:06,,,,,,,,,,,,,
st_0589,Artemis EV Super Charger - ChargeMOD,Mavelikkara,Kerala,9.19888110940816,76.60017650492466,ChargeMod (IN),Public - Membership Required,CCS (Type 2),30.0,4.0,3.0,limited,9.2,27.0,low,2026-09-12 10:07:06,,,,,,,,,,,,,
st_0591,Royale Regency (EVOK) - ChargeMOD,Ochira,Kerala,9.130625595290143,76.51429714499987,ChargeMod (IN),Public - Membership Required,CCS (Type 2),30.0,2.0,0.0,busy,11.8,61.0,low,2026-09-12 10:07:06,,,,,,,,,,,,,
st_0592,Delight Launch Cafe - ChargeMOD,Kottarakkara,Kerala,9.059350297189395,76.76600396907929,ChargeMod (IN),Public - Membership Required,CCS (Type 2),30.0,1.0,0.0,busy,13.1,78.0,low,2026-09-12 10:07:06,,,,,,,,,,,,,
st_0594,Ente Veedu Interior (EVOK) - ChargeMOD,Kottarakkara,Kerala,9.030351870410753,76.78219777246784,ChargeMod (IN),Public - Membership Required,CCS (Type 2),30.0,3.0,2.0,limited,8.7,41.0,low,2026-09-12 10:07:06,,,,,,,,,,,,,
st_0595,Thenmala EVOK - ChargeMOD,Thenmala,Kerala,8.966824195605966,77.05562962995491,ChargeMod (IN),Public - Membership Required,CCS (Type 2),30.0,2.0,1.0,limited,10.0,58.0,low,2026-09-12 10:07:06,,,,,,,,,,,,,
st_0596,Plug N Pay EVCS - ChargeMOD,Odanavattom,Kerala,8.935045209787887,76.77241547653307,ChargeMod (IN),Public - Membership Required,CCS (Type 2),30.0,1.0,0.0,busy,11.3,75.0,low,2026-09-12 10:07:06,,,,,,,,,,,,,
st_0597,Kundara KSEB - ChargeMOD,Kundara,Kerala,8.95718585834993,76.67133653462605,ChargeMod (IN),Public - Membership Required,CCS (Type 2),30.0,4.0,4.0,available,12.6,92.0,low,2026-09-12 10:07:06,,,,,,,,,,,,,
st_0601,Sree Suprabhatham - ChargeMOD,Kollam,Kerala,8.92696952444845,76.55280314933965,ChargeMod (IN),Public - Membership Required,CCS (Type 2),60.0,4.0,2.0,limited,10.8,89.0,low,2026-09-12 10:07:06,,,,,,,,,,,,,
st_0602,Bishop Jerome Nagar (EVOK) EVCS - ChargeMOD,Chinnakkada,Kerala,8.887577413782594,76.58843660568145,ChargeMod (IN),Public - Membership Required,CCS (Type 2),60.0,3.0,2.0,limited,12.1,35.0,low,2026-09-12 10:07:06,,,,,,,,,,,,,
st_0604,VOX Xpress Wash (EVOK) - ChargeMOD,Kollam,Kerala,8.87386801577226,76.64100893106445,ChargeMod (IN),Public - Membership Required,CCS (Type 2),30.0,1.0,0.0,busy,7.7,69.0,low,2026-09-12 10:07:06,,,,,,,,,,,,,
st_0605,EVOK Charging Stattion - ChargeMOD,Parippalli,Kerala,8.819673867794634,76.75363730582768,ChargeMod (IN),Public - Membership Required,CCS (Type 2),30.0,4.0,0.0,busy,9.0,86.0,low,2026-09-12 10:07:06,,,,,,,,,,,,,
st_0606,Plug N Pay EVCS,Kottarakkara,Kerala,8.935694034983442,76.85104921051595,ChargeMod (IN),Public - Membership Required,CCS (Type 2),30.0,3.0,2.0,limited,10.3,32.0,low,2026-09-12 10:07:06,,,,,,,,,,,,,
st_0608,Kottiyam KSEB EVCS - ChargeMOD,Kottiyam,Kerala,8.866370095144688,76.66887781466477,ChargeMod (IN),Public - Membership Required,CCS (Type 2),30.0,1.0,0.0,busy,12.9,66.0,low,2026-09-12 10:07:06,,,,,,,,,,,,,
st_0612,Avananchery KSEB EVCS - ChargeMOD,Attingal,Kerala,8.690987763706332,76.8483977852415,ChargeMod (IN),Public - Membership Required,CCS (Type 2),30.0,1.0,0.0,busy,11.1,63.0,low,2026-09-12 10:07:06,,,,,,,,,,,,,
st_0616,Paruthippara KSEB EVCS - ChargeMOD,Paruthippara,Kerala,8.534933840840353,76.94198425748345,ChargeMod (IN),Public - Membership Required,CCS (Type 2),60.0,1.0,0.0,offline,9.3,60.0,low,2026-09-12 10:07:06,,,,,,,,,,,,,
st_0619,Pattom KSEB EVCS - ChargeMOD,Pattom,Kerala,8.516753527229795,76.9396881766675,ChargeMod (IN),Public - Membership Required,CCS (Type 2),60.0,2.0,1.0,limited,13.2,40.0,low,2026-09-12 10:07:06,,,,,,,,,,,,,
st_0622,ANERT EESL - Pinarayi Park,Kannur,Kerala,11.795232100785311,75.49021889997948,EESL (IN),Public - Membership Required,CCS (Type 2),60.0,3.0,2.0,limited,10.1,91.0,low,2026-09-12 10:07:06,,,,,,,,,,,,,
st_0625,ANERT EESL - Aahar Restaurant Vadakara,Vadakara,Kerala,11.586364891391128,75.59322033744105,EESL (IN),Public - Membership Required,CCS (Type 2),60.0,4.0,0.0,busy,7.0,71.0,low,2026-09-12 10:07:06,,,,,,,,,,,,,
st_0628,ANERT EESL - Moosakkutti Memorial Bus Stand,Perinthalmanna,Kerala,10.97506930502017,76.22228328115467,EESL (IN),Public - Membership Required,CCS (Type 2),60.0,1.0,0.0,busy,10.9,51.0,low,2026-09-12 10:07:06,,,,,,,,,,,,,
st_0631,ANERT EESL - Kanjirappuzha Garden,Mannarkkad,Keral,10.989259255628724,76.5370121393978,EESL (IN),Public - Membership Required,CCS (Type 2),60.0,2.0,1.0,limited,7.8,31.0,low,2026-09-12 10:07:06,,,,,,,,,,,,,
st_0634,ANERT EESL - KTDC Aahar Restaurant,Kayamkulam,Kerala,9.149021955063077,76.5129182302341,EESL (IN),Public - Membership Required,CCS (Type 2),60.0,1.0,0.0,full,6.9,66.0,medium,2026-09-12 10:07:06,,,,,,,,,,,,,
st_0637,ANERT EESL - Kulappulli Bus Stand,Shornur,Kerala,10.781016444981958,76.27832766263366,EESL (IN),Public - Membership Required,CCS (Type 2),60.0,4.0,4.0,available,8.6,62.0,low,2026-09-12 10:07:06,,,,,,,,,,,,,
st_0640,ANERT EESL - KILA Thrissur,Thrissur,Kerala,10.601581892750232,76.21488230874665,EESL (IN),Public - Membership Required,CCS (Type 2),60.0,1.0,0.0,busy,12.5,42.0,low,2026-09-12 10:07:06,,,,,,,,,,,,,
st_0643,ANERT EESL - Chittur Thathamangalam Minicipality,Palakkad,Kerala,10.692951545459948,76.7262620829282,EESL (IN),Public - Membership Required,CCS (Type 2),60.0,2.0,1.0,limited,9.4,93.0,low,2026-09-12 10:07:06,,,,,,,,,,,,,
st_0646,ANERT EESL - DTPC Idukki Park,Idukki,Kerala,9.849056508967635,76.97740370583625,EESL (IN),Public - Membership Required,CCS (Type 2),60.0,3.0,2.0,limited,13.3,73.0,low,2026-09-12 10:07:06,,,,,,,,,,,,,
st_0649,ANERT EESL - Ernakulam,Ernakulam,Kerala,9.97698850139885,76.2778105180987,EESL (IN),Public - Membership Required,CCS (Type 2),60.0,4.0,3.0,limited,10.2,53.0,low,2026-09-12 10:07:06,,,,,,,,,,,,,
st_0653,ANERT EESL - Autokast,Cherthala,Kerala,9.63214908494494,76.33300323585775,EESL (IN),Public - Membership Required,CCS (Type 2),60.0,4.0,1.0,limited,8.4,50.0,low,2026-09-12 10:07:06,,,,,,,,,,,,,
st_0656,ANERT EESL Milma Diary Plant - EESL,Pathanamthitta,Kerala,9.218788691780205,76.74875398321971,EESL (IN),Public - Membership Required,CCS (Type 2),60.0,1.0,0.0,busy,12.3,30.0,low,2026-09-12 10:07:06,,,,,,,,,,,,,
st_0659,ANERT - EESL Sangamukham - EESL,Thiruvananthapuram,Kerala,8.481014702107387,76.91264314471566,EESL (IN),Public - Membership Required,CCS (Type 2),60.0,2.0,2.0,available,9.2,81.0,low,2026-09-12 10:07:06,,,,,,,,,,,,,
st_0663,Apco Hyundai - ChargeZone,Chengala,Kerala,12.508914881020132,75.0447842630179,Chargezone (India),Public - Membership Required,CCS (Type 2),30.0,2.0,0.0,busy,7.4,78.0,low,2026-09-12 10:07:06,,,,,,,,,,,,,
st_0665,Thiruvangoor EV Fast Charging Station - ChargeMOD,Kozhikode,Kerala,11.382827235535927,75.73593649657082,ChargeMod (IN),Public - Membership Required,CCS (Type 2),60.0,4.0,0.0,offline,10.0,41.0,low,2026-09-12 10:07:06,,,,,,,,,,,,,
st_0666,MB#Bridgeway Motors - ChargeZone,Kozhikode,Kerala,11.282498947490096,75.76959949804987,Chargezone (India),Public - Membership Required,CCS (Type 2),30.0,3.0,2.0,limited,11.3,58.0,low,2026-09-12 10:07:06,,,,,,,,,,,,,
st_0668,KVR Hyundai - ChargeZone,Kozhikode,Kerala,11.279978309110588,75.77048059797019,Chargezone (India),Public - Membership Required,CCS (Type 2),30.0,1.0,0.0,busy,6.9,92.0,low,2026-09-12 10:07:06,,,,,,,,,,,,,
st_0670,Grand Hyundai - ChargeZone,Palakkad,Kerala,10.790476610940487,76.65111938555197,Chargezone (India),Public - Membership Required,CCS (Type 2),30.0,3.0,2.0,limited,9.5,55.0,low,2026-09-12 10:07:06,,,,,,,,,,,,,
st_0674,Kochi Marriot Hotel,Kochi,Kerala,10.029828147933712,76.30813431285094,Chargezone (India),Public - Membership Required,CCS (Type 2),30.0,3.0,2.0,limited,7.7,52.0,low,2026-09-12 10:07:06,,,,,,,,,,,,,
st_0676,Le Meridien - ChargeZone,Ernakulam,Kerala,9.933863177376937,76.3168740616045,Chargezone (India),Public - Membership Required,CCS (Type 2),30.0,1.0,0.0,busy,10.3,86.0,low,2026-09-12 10:07:06,,,,,,,,,,,,,
st_0678,MB#Coastal Star - ChargeZone,Ernakulam,Kerala,9.92299021991826,76.31768924611822,Chargezone (India),Public - Membership Required,CCS (Type 2),90.0,3.0,2.0,limited,12.9,49.0,low,2026-09-12 10:07:06,,,,,,,,,,,,,
st_0680,GreenVeel - ChargeZone,Muvattupuzha,Kerala,9.973783778024469,76.6006940918598,Chargezone (India),Public - Membership Required,CCS (Type 2),30.0,1.0,0.0,busy,8.5,83.0,low,2026-09-12 10:07:06,,,,,,,,,,,,,
st_0683,Athirampuzha - ChargeZone,Kottayam,Kerala,9.661688305606717,76.55113745755165,Chargezone (India),Public - Membership Required,CCS (Type 2),30.0,2.0,2.0,available,12.4,63.0,low,2026-09-12 10:07:06,,,,,,,,,,,,,
st_0685,SS Hyundai - ChargeZone,Pathanamthitta,Kerala,9.27774492539669,76.75468311365398,Chargezone (India),Public - Membership Required,CCS (Type 2),30.0,4.0,0.0,busy,8.0,26.0,low,2026-09-12 10:07:06,,,,,,,,,,,,,
st_0687,GDM Auditorium - ChargeZone,Kayamkulam,Kerala,9.169962388825736,76.49808791886016,Chargezone (India),Public - Membership Required,CCS (Type 2),30.0,2.0,0.0,busy,10.6,60.0,low,2026-09-12 10:07:06,,,,,,,,,,,,,
st_0689,Hotel Indraprastha - ChargeZone,Karunagappalli,Kerala,9.052355042165443,76.5354608083407,Chargezone (India),Public - Membership Required,CCS (Type 2),30.0,4.0,3.0,limited,13.2,94.0,low,2026-09-12 10:07:06,,,,,,,,,,,,,
st_0691,Best EVCS - ChargeMOD,Karunagappalli,Kerala,9.046053009129778,76.53663078070491,Chargezone (India),Public - Membership Required,CCS (Type 2),30.0,2.0,1.0,limited,8.8,57.0,low,2026-09-12 10:07:06,,,,,,,,,,,,,
st_0692,Instacharge EV Fast Charging and Cafe - ChargeZone,Kollam,Kerala,8.915427160815126,76.61486886765475,Chargezone (India),Public - Membership Required,CCS (Type 2),30.0,1.0,0.0,busy,10.1,74.0,low,2026-09-12 10:07:06,,,,,,,,,,,,,
st_0695,Chungath Sprise Hyundai - ChargeZone,Kollam,Kerala,8.911104862076982,76.62735315845515,Chargezone (India),Public - Membership Required,CCS (Type 2),30.0,2.0,2.0,available,7.0,54.0,low,2026-09-12 10:07:06,,,,,,,,,,,,,
st_0697,KVE Charge - Charge-Zone,Varkkala,Kerala,8.737548356185881,76.70789801259404,Chargezone (India),Public - Membership Required,CCS (Type 2),30.0,4.0,4.0,available,9.6,88.0,low,2026-09-12 10:07:06,,,,,,,,,,,,,
st_0699,Marvel Paints - ChargeZone,Thiruvananthapuram,Kerala,8.535706208418148,76.96526204012382,Chargezone (India),Public - Membership Required,CCS (Type 2),30.0,2.0,0.0,busy,12.2,51.0,low,2026-09-12 10:07:06,,,,,,,,,,,,,
st_0701,Raj Residency - Zeon,Kanhangad,Kerala,12.304241742478752,75.0970417808558,Zeon Charging,Public - Membership Required,CCS (Type 2),50.0,4.0,2.0,limited,7.8,85.0,low,2026-09-12 10:07:06,,,,,,,,,,,,,
st_0702,Koodali SCB,Kannur,Kerala,11.927016595657648,75.50042206155453,Zeon Charging,Public - Membership Required,CCS (Type 2),30.0,3.0,2.0,limited,9.1,31.0,low,2026-09-12 10:07:06,,,,,,,,,,,,,
st_0703,Co-Operqative Bank - Zeon,Kathirur,Kerala,11.787885590422787,75.53302104514765,Zeon Charging,Public - Membership Required,CCS (Type 2),30.0,2.0,1.0,limited,10.4,48.0,low,2026-09-12 10:07:06,,,,,,,,,,,,,
st_0706,Down Town Mall - Zeon,Thalasseri,Kerala,11.745123385253223,75.49541917459942,Zeon Charging,Public - Membership Required,CCS (Type 2),60.0,3.0,2.0,limited,7.3,28.0,low,2026-09-12 10:07:06,,,,,,,,,,,,,
st_0707,Issacs Centre Square - Zeon,Sulthan Batheri,Kerala,11.661242260762604,76.25568142399845,(Unknown Operator),Public - Membership Required,CCS (Type 2),24.0,2.0,2.0,available,8.6,45.0,low,2026-09-12 10:07:06,,,,,,,,,,,,,
st_0708,Great Trails Wayanad by GRT Hotels,Kalpetta,Kerala,11.630455838998556,76.0181458403498,Zeon Charging,"Private - For Staff, Visitors or Customers",Type 2 (Tethered Connector),22.0,1.0,0.0,busy,9.9,62.0,low,2026-09-12 10:07:06,,,,,,,,,,,,,
st_0709,Nesto Hypermarket - Zeon,Kalpetta,Kerala,11.603113725229335,76.08314903993465,Zeon Charging,Public - Membership Required,CCS (Type 2),24.0,4.0,3.0,limited,11.2,79.0,low,2026-09-12 10:07:06,,,,,,,,,,,,,
st_0710,HiLite Mall - Zeon,Kozhikode,Kerala,11.248102467880244,75.83413591969762,Zeon Charging,Public - Membership Required,CCS (Type 2),120.0,3.0,2.0,limited,12.5,25.0,low,2026-09-12 10:07:06,,,,,,,,,,,,,
st_0712,HiLite Business Park - Zeon,Kozhikode,Kerala,11.24701615784167,75.83467863520764,Zeon Charging,Public - Membership Required,CCS (Type 2),60.0,1.0,0.0,busy,8.1,59.0,low,2026-09-12 10:07:06,,,,,,,,,,,,,
st_0715,Club Sulaimani - Zeon,Kottakkal,Kerala,10.983867426675815,75.99802950416446,Zeon Charging,Public - Membership Required,CCS (Type 2),24.0,2.0,1.0,limited,12.0,39.0,low,2026-09-12 10:07:06,,,,,,,,,,,,,
st_0716,Nesto Hypermarket Zeon,Thirur,Kerala,10.907726245273935,75.92032568189923,Zeon Charging,Public - Membership Required,CCS (Type 2),60.0,1.0,0.0,busy,13.3,56.0,low,2026-09-12 10:07:06,,,,,,,,,,,,,
st_0717,Emirates Mall - Zeon,Edappal,Kerala,10.786020507719895,76.00816181964399,Zeon Charging,Public - Membership Required,CCS (Type 2),24.0,4.0,4.0,available,7.6,73.0,low,2026-09-12 10:07:06,,,,,,,,,,,,,
st_0718,Hotel Devaragam,Guruvayur,Kerala,10.595622580626454,76.0445984265035,Zeon Charging,Public - Membership Required,CCS (Type 2),24.0,3.0,2.0,limited,8.9,90.0,low,2026-09-12 10:07:06,,,,,,,,,,,,,
st_0719,Nesto Hypermarket,Thrissur,Kerala,10.539926248084,76.19288757731226,Zeon Charging,Public - Membership Required,CCS (Type 2),60.0,2.0,2.0,available,10.2,36.0,low,2026-09-12 10:07:06,,,,,,,,,,,,,
st_0720,Dream City Convention Center,Pattikkad,Kerala,10.55587198783526,76.32282252128522,Zeon Charging,Public - Membership Required,CCS (Type 2),24.0,1.0,0.0,busy,11.5,53.0,low,2026-09-12 10:07:06,,,,,,,,,,,,,
st_0721,Chennai Ananda Bhavan,Thrissur,Kerala,10.512759704324848,76.25891674593504,Zeon Charging,Public - Membership Required,CCS (Type 2),60.0,4.0,2.0,limited,12.8,70.0,low,2026-09-12 10:07:06,,,,,,,,,,,,,
st_0722,Hilite Mall,Thrissur,Kerala,10.49548871358526,76.25680252890044,Zeon Charging,Public - Membership Required,CCS (Type 2),120.0,3.0,2.0,limited,7.1,87.0,low,2026-09-12 10:07:06,,,,,,,,,,,,,
st_0725,Mughal Mall,Kodungallur,Kerala,10.231319020041099,76.19724309794333,Zeon Charging,Public - Membership Required,CCS (Type 2),60.0,4.0,0.0,busy,11.0,67.0,low,2026-09-12 10:07:06,,,,,,,,,,,,,
st_0726,Maxx Inn M Star,Angamaly,Kerala,10.222723756649074,76.37569774238432,Zeon Charging,Public - Membership Required,CCS (Type 2),24.0,3.0,2.0,limited,12.3,84.0,low,2026-09-12 10:07:06,,,,,,,,,,,,,
st_0727,Club Mahindra Resort - Cherai Beach,Cherai,Kerala,10.137093999810617,76.18028952544323,Zeon Charging,"Private - For Staff, Visitors or Customers",Type 2 (Tethered Connector),22.0,2.0,1.0,limited,6.6,30.0,low,2026-09-12 10:07:06,,,,,,,,,,,,,
st_0729,Grand Mall,Edappalli,Kerala,10.024160422636712,76.30871193061641,Zeon Charging,Public - Membership Required,CCS (Type 2),60.0,4.0,3.0,limited,9.2,64.0,low,2026-09-12 10:07:06,,,,,,,,,,,,,
st_0731,Gokul Oottupura Restaurant,Edappalli,Kerala,10.011144817352246,76.31249740510384,Zeon Charging,Public - Membership Required,CCS (Type 2),50.0,2.0,2.0,available,11.8,27.0,low,2026-09-12 10:07:06,,,,,,,,,,,,,
st_0732,Brunton Boatyard,Cochin,Kerala,9.968304525407731,76.2457094839355,Zeon Charging,Public - Membership Required,CCS (Type 2),24.0,1.0,0.0,busy,13.1,44.0,low,2026-09-12 10:07:06,,,,,,,,,,,,,
st_0733,Casino Hotel,Kochi,Kerala,9.96143124399039,76.26949095249614,Zeon Charging,Public - Membership Required,Type 2 (Tethered Connector),22.0,4.0,1.0,limited,7.4,61.0,low,2026-09-12 10:07:06,,,,,,,,,,,,,
st_0734,Hotel Ganga Grand,Moovattupuzha,Kerala,9.981770565891791,76.57830422508846,Zeon Charging,Public - Membership Required,CCS (Type 2),60.0,3.0,2.0,limited,8.7,78.0,low,2026-09-12 10:07:06,,,,,,,,,,,,,
st_0735,Eden Wood Resorts,Munnar,Kerala,10.025676321659004,77.05377106161886,Zeon Charging,"Private - For Staff, Visitors or Customers",Type 2 (Tethered Connector),22.0,2.0,0.0,offline,10.0,95.0,low,2026-09-12 10:07:06,,,,,,,,,,,,,
st_0736,Club Mahindra Aleppey Resort,Arookutty,Kerala,9.859751104489362,76.33582416512633,Zeon Charging,"Private - For Staff, Visitors or Customers",Type 2 (Tethered Connector),22.0,1.0,0.0,busy,11.3,41.0,low,2026-09-12 10:07:06,,,,,,,,,,,,,
st_0738,CGH Marari Beach,Mararikulam,Kerala,9.59603361861292,76.30277023506221,Zeon Charging,Public - Membership Required,Type 2 (Tethered Connector),22.0,3.0,2.0,limited,6.9,75.0,low,2026-09-12 10:07:06,,,,,,,,,,,,,
st_0739,Cassia Restaurant,Alappuzha,Kerala,9.518713883149715,76.32748515490442,Zeon Charging,Public - Membership Required,CCS (Type 2),60.0,2.0,1.0,limited,8.2,92.0,low,2026-09-12 10:07:06,,,,,,,,,,,,,
st_0740,Hotel Aida,Kottayam,Kerala,9.582880475673022,76.52168622035633,Zeon Charging,Public - Membership Required,CCS (Type 2),50.0,1.0,0.0,busy,9.5,38.0,low,2026-09-12 10:07:06,,,,,,,,,,,,,
st_0741,The Windsor Castle Hotel,Kottayam,Kerala,9.571548200477336,76.51936940989243,Zeon Charging,Public - Membership Required,CCS (Type 2),24.0,4.0,2.0,limited,10.8,55.0,low,2026-09-12 10:07:06,,,,,,,,,,,,,
st_0742,Club Mahindra Resort - Thekkadi,Kumali,Kerala,9.603436669871359,77.17154785062633,Zeon Charging,"Private - For Staff, Visitors or Customers",Type 2 (Tethered Connector),22.0,3.0,2.0,limited,12.1,72.0,low,2026-09-12 10:07:06,,,,,,,,,,,,,
st_0744,RD Cinemas,Mundakkayam,Kerala,9.544093022031731,76.87733542382585,Zeon Charging,Public - Membership Required,CCS (Type 2),24.0,1.0,0.0,busy,7.7,35.0,low,2026-09-12 10:07:06,,,,,,,,,,,,,
st_0745,Kanthari Restaurants,Changanassery,Kerala,9.455165469662147,76.54242382238895,Zeon Charging,Public - Membership Required,CCS (Type 2),24.0,4.0,0.0,busy,9.0,52.0,low,2026-09-12 10:07:06,,,,,,,,,,,,,
st_0746,Mannil Green Solutions,Mavelikkara,Kerala,9.283238233518844,76.53084010596454,Zeon Charging,Public - Membership Required,CCS (Type 2),60.0,3.0,2.0,limited,10.3,69.0,low,2026-09-12 10:07:06,,,,,,,,,,,,,
st_0747,Phills Hub - Zeon,Pathanamthitta,Kerala,9.31671927074464,76.80097101612563,Zeon Charging,Public - Membership Required,CCS (Type 2),24.0,2.0,0.0,busy,11.6,86.0,low,2026-09-12 10:07:06,,,,,,,,,,,,,
st_0748,Wyte Portico Hotel,Adoor,Kerala,9.161947571551806,76.72149631338965,Zeon Charging,Public - Membership Required,CCS (Type 2),24.0,1.0,0.0,busy,12.9,32.0,low,2026-09-12 10:07:06,,,,,,,,,,,,,
st_0749,Pooyappalli Service Co-Operative Bank Ltd,Kollam,Kerala,8.89868209628473,76.7421382501103,Zeon Charging,Public - Membership Required,CCS (Type 2),30.0,4.0,3.0,limited,7.2,49.0,low,2026-09-12 10:07:06,,,,,,,,,,,,,
st_0753,N and N Station,Kottiyam,Kerala,8.864731077119629,76.66048322159956,ChargeMod (IN),Public - Membership Required,CCS (Type 2),30.0,4.0,1.0,limited,12.4,46.0,low,2026-09-12 10:07:06,,,,,,,,,,,,,
st_0755,Amma Veedu Restaurent,Ayoor,Kerala,8.930368464794824,76.8538199838706,ChargeMod (IN),Public - Membership Required,CCS (Type 2),30.0,2.0,2.0,available,8.0,80.0,low,2026-09-12 10:07:06,,,,,,,,,,,,,
st_0756,DM Charging,Parippilli,Kerala,8.812579175105057,76.75675170508435,Zeon Charging,Public - Membership Required,CCS (Type 2),60.0,1.0,0.0,offline,9.3,26.0,low,2026-09-12 10:07:06,,,,,,,,,,,,,
st_0757,New Indraprastha (EVOK) EVCS,Kallambalam,Kerala,8.792020363373025,76.77063200499894,ChargeMod (IN),Public - Membership Required,CCS (Type 2),30.0,4.0,4.0,available,10.6,43.0,low,2026-09-12 10:07:06,,,,,,,,,,,,,
st_0758,Vazhiyorakkada Hotel,KIlimamoor,Kerala,8.785763001571356,76.8837004391724,ChargeMod (IN),Public - Membership Required,CCS (Type 2),30.0,3.0,2.0,limited,11.9,60.0,low,2026-09-12 10:07:06,,,,,,,,,,,,,
st_0759,Astro Burgers,Attingal,Kerala,8.687607887565731,76.8299239538902,Zeon Charging,Public - Membership Required,CCS (Type 2),24.0,2.0,0.0,busy,13.2,77.0,low,2026-09-12 10:07:06,,,,,,,,,,,,,
st_0760,Edackodu Bank EVCS,Thiruvananthapuram,Kerala,8.671500192022364,76.83499833192643,ChargeMod (IN),Public - Membership Required,CCS (Type 2),60.0,1.0,0.0,busy,7.5,94.0,low,2026-09-12 10:07:06,,,,,,,,,,,,,
st_0763,Kerala EV Vembayam,Thiruvananthapuram,Kerala,8.651754842325019,76.92797970100514,ChargeMod (IN),Public - Membership Required,CCS (Type 2),60.0,2.0,1.0,limited,11.4,74.0,low,2026-09-12 10:07:06,,,,,,,,,,,,,
st_0765,Ultralink EVCS Charging Station,Thiruvananthapuram,Kerala,8.33075691265681,77.14237583090846,ChargeMod (IN),Public - Membership Required,CCS (Type 2),30.0,4.0,0.0,busy,7.0,37.0,low,2026-09-12 10:07:06,,,,,,,,,,,,,
st_0767,Club Mahindra Resort Poovar,Thiruvananthapuram,Kerala,8.306583673324083,77.08608641188243,Zeon Charging,Public - Membership Required,Type 2 (Tethered Connector),22.0,2.0,2.0,available,9.6,71.0,low,2026-09-12 10:07:06,,,,,,,,,,,,,
st_0769,Powerhub EVCS Attukal,Thiruvananthapuram,Kerala,8.466545109222693,76.96080801045262,ChargeMod (IN),Public - Membership Required,CCS (Type 2),30.0,4.0,3.0,limited,12.2,34.0,low,2026-09-12 10:07:06,,,,,,,,,,,,,
st_0771,Sleeba & Sons Station,Thiruvananthapuram,Kerala,8.54498342140748,76.97229843917057,Statiq (IN),Public - Membership Required,CCS (Type 2),60.0,2.0,0.0,busy,7.8,68.0,low,2026-09-12 10:07:06,,,,,,,,,,,,,
st_0772,JKV Power Hub,Thiruvananthapuram,Kerala,8.50366785353485,76.95391617176614,ChargeMod (IN),Public - Membership Required,CCS (Type 2),30.0,1.0,0.0,busy,9.1,85.0,low,2026-09-12 10:07:06,,,,,,,,,,,,,
st_0773,Hilton Garden Inn Trivandrum,Thiruvananthapuram,Kerala,8.4996352320004,76.95029905839203,Statiq (IN),Public - Membership Required,CCS (Type 2),60.0,4.0,1.0,limited,10.4,31.0,low,2026-09-12 10:07:06,,,,,,,,,,,,,
st_0775,CBC Motors Charging Station,Thiruvananthapuram,Kerala,8.465871552402248,76.9390975787802,Statiq (IN),Public - Membership Required,CCS (Type 2),60.0,2.0,1.0,limited,13.0,65.0,low,2026-09-12 10:07:06,,,,,,,,,,,,,
st_0776,Trivandrum Airport T1,Thiruvananthapuram,Kerala,8.476057964902722,76.91830975328156,Adani Gas-EV (TR),Public - Membership Required,CCS (Type 2),30.0,1.0,0.0,busy,7.3,82.0,low,2026-09-12 10:07:06,,,,,,,,,,,,,
st_0778,Trivandrum Airport T2,Thiruvananthapuram,Kerala,8.488386743772637,76.9224506285805,Adani Gas-EV (TR),Public - Membership Required,CCS (Type 2),30.0,3.0,2.0,limited,9.9,45.0,low,2026-09-12 10:07:06,,,,,,,,,,,,,
st_0780,V Kay Super Market,Thiruvananthapuram,Kerala,8.575089637161042,76.86841738658734,ChargeMod (IN),Public - Membership Required,CCS (Type 2),30.0,1.0,0.0,busy,12.5,79.0,low,2026-09-12 10:07:06,,,,,,,,,,,,,
st_0784,Delta Power Kulathoor,Thiruvananthapuram,Kerala,8.542037312716715,76.87581948417585,ChargeMod (IN),Public - Membership Required,CCS (Type 2),60.0,1.0,0.0,offline,10.7,76.0,low,2026-09-12 10:07:06,,,,,,,,,,,,,
st_0787,KIMS Hospital Trivandrum (EVOK),Thiruvananthapuram,Kerala,8.514470785074025,76.90784744038086,ChargeMod (IN),Public - Membership Required,CCS (Type 2),30.0,2.0,1.0,limited,7.6,56.0,low,2026-09-12 10:07:06,,,,,,,,,,,,,
st_0788,Alpha EVCS Yahoo Super Bazar,Thiruvanthapuram,Kerala,8.510831844705734,76.90484031941787,ChargeMod (IN),Public - Membership Required,CCS (Type 2),60.0,1.0,0.0,busy,8.9,73.0,low,2026-09-12 10:07:06,,,,,,,,,,,,,
st_0790,Mansavi SuperCharge Point,G B Nagar,Uttar Pradesh,28.455186365944098,77.5035852134958,(Unknown Operator),Public,CCS (Type 2),30.0,3.0,2.0,limited,11.5,36.0,low,2026-09-12 10:07:06,,,,,,,,,,,,,
st_0791,Sri Sai Kanchetty Family Restaurant,Dichpally,Telangana,18.63217083834048,78.20817022692323,Chargezone (India),Public - Membership Required,CCS (Type 2),60.0,2.0,2.0,available,12.8,53.0,low,2026-09-12 10:07:06,,,,,,,,,,,,,
st_0792,Hotel Topline,Dhule,Maharashtra,20.836967977911712,74.75561014858295,Chargezone (India),Public - Membership Required,CCS (Type 2),60.0,1.0,0.0,busy,7.1,70.0,low,2026-09-12 10:07:06,,,,,,,,,,,,,
st_0793,Hotel Mayur Express,Sangamner,Maharashtra,19.520114483627125,74.20273682326366,Chargezone (India),Public - Membership Required,CCS (Type 2),30.0,4.0,1.0,limited,8.4,87.0,low,2026-09-12 10:07:06,,,,,,,,,,,,,
st_0794,FC - JioBP - The Bengal Dhaba,Kalyani,West Bengal,22.922668495049702,88.45628433804323,JIO BP Pulse (India),Public,CCS (Type 2),60.0,3.0,2.0,limited,9.7,33.0,low,2026-09-12 10:07:06,,,,,,,,,,,,,
st_0795,FC - JioBP - WBSDCL Athupur,Barrakpore,West Bengal,22.839467099235264,88.38586414053952,JIO BP Pulse (India),Public,CCS (Type 2),30.0,2.0,0.0,busy,11.0,50.0,low,2026-09-12 10:07:06,,,,,,,,,,,,,
st_0797,FC - Jio-BP - Khardaha,Khardaha,West Bengal,22.70657211558681,88.37434853401237,JIO BP Pulse (India),Public,CCS (Type 2),60.0,4.0,4.0,available,6.6,84.0,low,2026-09-12 10:07:06,,,,,,,,,,,,,
st_0798,FC - Tata Power - Taj Raajkutir,Kolkata,West Bengal,22.573505558470004,88.40230025526726,Tata Power,Public,CCS (Type 2),30.0,3.0,2.0,limited,7.9,30.0,low,2026-09-12 10:07:06,,,,,,,,,,,,,
st_0799,Azadpur Metro Station,Delhi,Delhi,28.706611759021957,77.18210759629984,JIO BP Pulse (India),Public,CCS (Type 2),60.0,2.0,1.0,limited,9.2,47.0,low,2026-09-12 10:07:06,,,,,,,,,,,,,
st_0800,Village Vatika Restaurant And Hotel,Danora,Madhya Pradesh,21.88567059323464,77.88399107096022,(Unknown Operator),Public,CCS (Type 2),60.0,1.0,0.0,busy,10.5,64.0,low,2026-09-12 10:07:06,,,,,,,,,,,,,
st_0801,Vithal Kamats,Hinganghat,Maharashtra,20.574439036798253,78.88230401794569,(Unknown Operator),Public,CCS (Type 2),30.0,4.0,2.0,limited,11.8,81.0,low,2026-09-12 10:07:06,,,,,,,,,,,,,
st_0802,Hotel Bluemoon,Miduthuru,Andhra Pradesh,15.026218638966368,77.62107333728825,(Unknown Operator),Public - Membership Required,CCS (Type 2),150.0,3.0,2.0,limited,13.1,27.0,low,2026-09-12 10:07:06,,,,,,,,,,,,,
st_0804,Mahaveer Ventures Hotel and Resort - The Padival Grand,Puttur,Karnataka,12.76619,75.19666,Zeon Charging,Public,CCS (Type 2),24.0,1.0,0.0,busy,8.7,61.0,low,2026-09-12 10:07:06,,,,,,,,,,,,,
st_0806,Silavattam Village,"Madurathakam, Chengalpattu Dt",Tamil Nadu,12.481487733529688,79.86252229584034,(Unknown Operator),"Private - For Staff, Visitors or Customers",Unknown,15.0,3.0,2.0,limited,11.3,95.0,low,2026-09-12 10:07:06,,,,,,,,,,,,,
st_0807,Mahalaxmi EV Charging STATION,Gautaum Buddha Nagar,uttar pradesh,28.54753,77.44491,(Unknown Operator),Public,Unknown,9.0,2.0,0.0,busy,12.6,41.0,low,2026-09-12 10:07:06,,,,,,,,,,,,,
st_0809,"Baboos Triangle, Zeon Charging Station",Kunnamkulam,Kerala,10.719479255348858,76.07748035368672,Zeon Charging,Public,CCS (Type 2),60.0,4.0,3.0,limited,8.2,75.0,low,2026-09-12 10:07:06,,,,,,,,,,,,,
st_0810,Etron Energies,Chennai,Tamil Nadu,13.07148,80.11256,Zeon Charging,Public,CCS (Type 2),30.0,3.0,2.0,limited,9.5,92.0,low,2026-09-12 10:07:06,,,,,,,,,,,,,
st_0811,Regency Tiruttani by GRT Hotels,Thiruttani,Tamil Nadu,13.19516,79.64576,Zeon Charging,Public,CCS (Type 2),24.0,2.0,1.0,limited,10.8,38.0,low,2026-09-12 10:07:06,,,,,,,,,,,,,
st_0812,RB Business Centre,Vellore,Tamil Nadu,12.86196,79.13251,Zeon Charging,Public,CCS (Type 2),30.0,1.0,0.0,offline,12.1,55.0,low,2026-09-12 10:07:06,,,,,,,,,,,,,
st_0813,Regency Sameera Vellore by GRT Hotels,Vellore,Tamil Nadu,12.93209,79.13843,Zeon Charging,Public,CCS (Type 2),24.0,4.0,1.0,limited,13.4,72.0,low,2026-09-12 10:07:06,,,,,,,,,,,,,
st_0814,7 Star Green Veg Restaurant,Vaniyambadi,Tamil Nadu,12.64682,78.58269,Zeon Charging,Public,CCS (Type 2),60.0,3.0,2.0,limited,7.7,89.0,low,2026-09-12 10:07:06,,,,,,,,,,,,,
st_0816,"Cafe Udupi Ruchi, Ulundurpet",Ulundurpet,Tamil Nadu,11.71937,79.33668,Zeon Charging,Public,CCS (Type 2),30.0,1.0,0.0,busy,10.3,52.0,low,2026-09-12 10:07:06,,,,,,,,,,,,,
st_0817,Hotel Sri Anandhas,Veppur,Tamil Nadu,11.59206,79.15621,Zeon Charging,Public,CCS (Type 2),50.0,4.0,4.0,available,11.6,69.0,low,2026-09-12 10:07:06,,,,,,,,,,,,,
st_0818,"Adyar Ananda Bhavan, Kallakurichi",Kallakurichi,Tamil Nadu,11.71086,78.94797,Zeon Charging,Public,CCS (Type 2),60.0,3.0,2.0,limited,12.9,86.0,low,2026-09-12 10:07:06,,,,,,,,,,,,,
st_0819,"Adyar Ananda Bhavan, Attur",Attur,Tamil Nadu,11.592,78.62726,Zeon Charging,Public,CCS (Type 2),50.0,2.0,0.0,offline,7.2,32.0,low,2026-09-12 10:07:06,,,,,,,,,,,,,
st_0821,Aswins Veg Restaurant,Perambalur,Tamil Nadu,11.209,78.8828,Zeon Charging,Public,CCS (Type 2),30.0,4.0,2.0,limited,9.8,66.0,low,2026-09-12 10:07:06,,,,,,,,,,,,,
st_0823,AVS Imperiaa,Karaikal,Puducherry,10.93799,79.8224,Zeon Charging,Public,CCS (Type 2),24.0,2.0,1.0,limited,12.4,29.0,low,2026-09-12 10:07:06,,,,,,,,,,,,,
st_0824,Golden Sand,Velankanni,Tamil Nadu,10.68292,79.8478,Zeon Charging,Public,Type 2 (Tethered Connector),22.0,1.0,0.0,busy,6.7,46.0,low,2026-09-12 10:07:06,,,,,,,,,,,,,
st_0826,"Jayaraj Karz, Vallam Pudur Sethi",Thanjavur,Tamil Nadu,10.728,79.04692,Zeon Charging,Public,CCS (Type 2),30.0,3.0,2.0,limited,9.3,80.0,low,2026-09-12 10:07:06,,,,,,,,,,,,,
st_0827,"Kaveri Garage, Tiruchirapalli",Tiruchirappalli,Tamil Nadu,10.85843,78.71129,Zeon Charging,Public,CCS (Type 2),30.0,2.0,2.0,available,10.6,26.0,low,2026-09-12 10:07:06,,,,,,,,,,,,,
st_0829,Hotel Arun Cafe,Viralimalai,Tamil Nadu,10.6244,78.56317,Zeon Charging,Public,CCS (Type 2),24.0,4.0,3.0,limited,13.2,60.0,low,2026-09-12 10:07:06,,,,,,,,,,,,,
st_0830,"Kaveri Garage, Piratiyur",Piratiyur,Tamil Nadu,10.79194,78.65714,Zeon Charging,Public,CCS (Type 2),24.0,3.0,2.0,limited,7.5,77.0,low,2026-09-12 10:07:06,,,,,,,,,,,,,
st_0831,Hotel Malar,Karaikudi,Tamil Nadu,10.07009,78.76079,Zeon Charging,Public,CCS (Type 2),30.0,2.0,0.0,busy,8.8,94.0,low,2026-09-12 10:07:06,,,,,,,,,,,,,
st_0832,Regency Tuticorin by GRT Hotels,Thoothukudi,Tamil Nadu,8.7816,78.10053,Zeon Charging,Public,Type 2 (Tethered Connector),22.0,1.0,0.0,busy,10.1,40.0,low,2026-09-12 10:07:06,,,,,,,,,,,,,
st_0834,Pearl Garden Resort,Veerapandianpattinam,Tamil Nadu,8.53918,78.11771,Zeon Charging,Public,CCS (Type 2),24.0,3.0,2.0,limited,12.7,74.0,low,2026-09-12 10:07:06,,,,,,,,,,,,,
st_0835,"Sree Saravana Bhavan, Sankagiri",Sangagiri,Tamil Nadu,11.4866,77.99226,Zeon Charging,Public,CCS (Type 2),30.0,2.0,1.0,limited,7.0,91.0,low,2026-09-12 10:07:06,,,,,,,,,,,,,
st_0837,"Milky Mist Cafe, Erode Sathy Highway",Erode,Tamil Nadu,11.3998,77.62536,Zeon Charging,Public,CCS (Type 2),50.0,4.0,4.0,available,9.6,54.0,low,2026-09-12 10:07:06,,,,,,,,,,,,,
st_0838,Texvalley,Erode,Tamil Nadu,11.37172,77.64731,Zeon Charging,Public,IEC 60309 3-pin,3.3,3.0,2.0,limited,10.9,71.0,low,2026-09-12 10:07:06,,,,,,,,,,,,,
st_0842,Victory Tata,Erode,Tamil Nadu,11.31239,77.66505,Zeon Charging,Public,CCS (Type 2),24.0,3.0,2.0,limited,9.1,68.0,low,2026-09-12 10:07:06,,,,,,,,,,,,,
st_0843,Sri Kongu Bakes,Perundurai,Tamil Nadu,11.28353,77.55823,Zeon Charging,Public,CCS (Type 2),30.0,2.0,0.0,busy,10.4,85.0,low,2026-09-12 10:07:06,,,,,,,,,,,,,
st_0845,Junior Kuppanna,Avinashi,Tamil Nadu,11.17708,77.24713,Zeon Charging,Public,CCS (Type 2),30.0,4.0,0.0,busy,13.0,48.0,low,2026-09-12 10:07:06,,,,,,,,,,,,,
st_0846,"Sree Annapoorna Hotel, Avinashi",Avinashi,Tamil Nadu,11.17513,77.26342,Zeon Charging,Public,CCS (Type 2),60.0,3.0,2.0,limited,7.3,65.0,low,2026-09-12 10:07:06,,,,,,,,,,,,,
st_0847,Cafe Udupi Ruchi,Avinashi,Tamil Nadu,11.17719,77.28392,Zeon Charging,Public,CCS (Type 2),50.0,2.0,1.0,limited,8.6,82.0,low,2026-09-12 10:07:06,,,,,,,,,,,,,
st_0848,Annapoorna - NH Avinashi,Avinashi,Tamil Nadu,11.1778,77.28318,Zeon Charging,Public,CCS (Type 2),30.0,1.0,0.0,busy,9.9,28.0,low,2026-09-12 10:07:06,,,,,,,,,,,,,
st_0849,"Ibex River Resort, Pollachi",Pollachi,Tamil Nadu,10.64693,76.91992,Zeon Charging,Public,Type 2 (Tethered Connector),7.4,4.0,3.0,limited,11.2,45.0,low,2026-09-12 10:07:06,,,,,,,,,,,,,
st_0850,Travlounge - Palakkad,Walayar,Kerala,10.82633,76.82033,Zeon Charging,Public,CCS (Type 2),30.0,3.0,2.0,limited,12.5,62.0,low,2026-09-12 10:07:06,,,,,,,,,,,,,
st_0851,Adyar Ananda Bhavan Navakkarai,Navakkarai,Tamil Nadu,10.85592,76.86251,Zeon Charging,Public,CCS (Type 2),50.0,2.0,2.0,available,6.8,79.0,low,2026-09-12 10:07:06,,,,,,,,,,,,,
st_0853,"SR Jungle Resort, Anaikatti",Anaikatti,Tamil Nadu,11.11848,76.75985,Zeon Charging,Public,Type 2 (Tethered Connector),22.0,4.0,1.0,limited,9.4,42.0,low,2026-09-12 10:07:06,,,,,,,,,,,,,
st_0855,Sundaram Motors Coimbatore,Coimbatore,Tamil Nadu,10.91863,76.98461,Chargezone (India),Public,CCS (Type 2),45.0,2.0,0.0,busy,12.0,76.0,low,2026-09-12 10:07:06,,,,,,,,,,,,,
st_0856,Gift City Multi-Level Parking EV Hub,Gandhinagar,Gujarat,23.1585,72.6862,ChargeZone,Public,CCS (Type 2),60.0,3.0,2.0,limited,9.5,45.0,low,2026-09-12 10:07:06,,,,,,,,,,,,,
st_0857,Gift City One Building Basement Charger,Gandhinagar,Gujarat,23.1592,72.6834,Tata Power,Public,Type 2 (Tethered Connector),7.4,2.0,1.0,limited,8.2,52.0,low,2026-09-12 10:07:06,,,,,,,,,,,,,
st_0858,Infocity Club & Resort Charging Station,Gandhinagar,Gujarat,23.1873,72.6285,Statiq (IN),Public,CCS (Type 2),60.0,2.0,0.0,busy,10.1,38.0,low,2026-09-12 10:07:06,,,,,,,,,,,,,
st_0859,D-Mart Sargasan EV Parking,Gandhinagar,Gujarat,23.1934,72.6451,Tata Power,Public,CCS (Type 2),30.0,4.0,3.0,limited,9.0,61.0,low,2026-09-12 10:07:06,,,,,,,,,,,,,
st_0860,PDPU / Raisan Petrol Pump EV Point,Gandhinagar,Gujarat,23.1782,72.6591,JIO BP Pulse (India),Public,CCS (Type 2),60.0,1.0,0.0,busy,11.3,29.0,low,2026-09-12 10:07:06,,,,,,,,,,,,,
st_0861,Indroda Nature Park Parking EV Station,Gandhinagar,Gujarat,23.2381,72.6682,EESL (IN),Public,GB-T DC - GB/T 20234.3,30.0,3.0,2.0,limited,7.8,67.0,low,2026-09-12 10:07:06,,,,,,,,,,,,,
st_0862,Akshardham Temple Visitor Parking Charger,Gandhinagar,Gujarat,23.2312,72.6,Torrent Power,Public,CCS (Type 2),60.0,2.0,1.0,limited,8.9,73.0,low,2026-09-12 10:07:06,,,,,,,,,,,,,
st_0864,Reliance Smart Point Kudasan,Gandhinagar,Gujarat,23.1825,72.6394,JIO BP Pulse (India),Public,CCS (Type 2),60.0,4.0,4.0,available,9.7,55.0,low,2026-09-12 10:07:06,,,,,,,,,,,,,
st_0865,Swarnim Sankul Secretariat Complex,Gandhinagar,Gujarat,23.2165,72.6352,GETCO,Public,Type 2 (Tethered Connector),7.4,2.0,0.0,offline,7.2,33.0,low,2026-09-12 10:07:06,,,,,,,,,,,,,
st_0866,Sector 11 Community Center Charging Lot,Gandhinagar,Gujarat,23.2201,72.6453,(Unknown Operator),Public,Type 2 (Tethered Connector),7.4,1.0,0.0,busy,6.9,48.0,low,2026-09-12 10:07:06,,,,,,,,,,,,,
st_0867,Torrent Power Prahladnagar,Ahmedabad,Gujarat,23.0129,72.5103,Torrent Power,Public,CCS (Type 2),60.0,3.0,2.0,limited,10.5,42.0,low,2026-09-12 10:07:06,,,,,,,,,,,,,
st_0868,Fortum Charge & Drive Makarba,Ahmedabad,Gujarat,23.0078,72.5082,Fortum,Public,CCS (Type 2),60.0,2.0,1.0,limited,9.8,58.0,low,2026-09-12 10:07:06,,,,,,,,,,,,,
st_0869,EESL Navrangpura Parking Complex,Ahmedabad,Gujarat,23.0362,72.5611,EESL (IN),Public,CCS (Type 2),30.0,4.0,3.0,limited,8.6,65.0,low,2026-09-12 10:07:06,,,,,,,,,,,,,
st_0871,AMC Multi Level Parking Sindhubhavan Rd,Ahmedabad,Gujarat,23.0385,72.5112,(Unknown Operator),Public,GB-T DC - GB/T 20234.3,30.0,2.0,0.0,busy,11.0,36.0,low,2026-09-12 10:07:06,,,,,,,,,,,,,
st_0872,Tata Power Karnavati Motors Naroda,Ahmedabad,Gujarat,23.0814,72.6721,Tata Power,Public,CCS (Type 2),60.0,1.0,0.0,busy,9.4,49.0,low,2026-09-12 10:07:06,,,,,,,,,,,,,
st_0873,Capital EV Charging Station Kalupur,Ahmedabad,Gujarat,23.0298,72.5946,(Unknown Operator),Public,CCS (Type 2),60.0,4.0,2.0,limited,12.2,27.0,low,2026-09-12 10:07:06,,,,,,,,,,,,,
st_0874,Torrent Power Naranpura,Ahmedabad,Gujarat,23.0552,72.5519,Torrent Power,Public,CCS (Type 2),60.0,3.0,2.0,limited,8.3,63.0,low,2026-09-12 10:07:06,,,,,,,,,,,,,
st_0875,Tata Power Khanij Bhavan Vastrapur,Ahmedabad,Gujarat,23.036,72.5332,Tata Power,Public,CCS (Type 2),60.0,2.0,1.0,limited,10.9,44.0,low,2026-09-12 10:07:06,,,,,,,,,,,,,
st_0877,ChargeZone Sanathal,Ahmedabad,Gujarat,22.9921,72.4385,Chargezone (India),Public,CCS (Type 2),60.0,4.0,4.0,available,9.1,31.0,low,2026-09-12 10:07:06,,,,,,,,,,,,,
st_0878,ChargeZone Thaltej Frizbee,Ahmedabad,Gujarat,23.0489,72.5081,Chargezone (India),Public,CCS (Type 2),60.0,3.0,2.0,limited,11.6,46.0,low,2026-09-12 10:07:06,,,,,,,,,,,,,
st_0879,SMC EV Charger Kailash Nagar,Surat,Gujarat,21.1702,72.8311,Chargezone (India),Public,CCS (Type 2),60.0,2.0,0.0,busy,7.9,53.0,low,2026-09-12 10:07:06,,,,,,,,,,,,,
st_0881,Jio-bp Pulse Reliance Mall Vesu,Surat,Gujarat,21.1454,72.778,JIO BP Pulse (India),Public,CCS (Type 2),60.0,4.0,3.0,limited,10.2,39.0,low,2026-09-12 10:07:06,,,,,,,,,,,,,
st_0882,Torrent Power Ring Road Rathi Market,Surat,Gujarat,21.1959,72.8302,Torrent Power,Public,CCS (Type 2),60.0,3.0,2.0,limited,9.3,57.0,low,2026-09-12 10:07:06,,,,,,,,,,,,,
st_0883,Torrent Power Dabholi,Surat,Gujarat,21.2263,72.8251,Torrent Power,Public,CCS (Type 2),60.0,2.0,1.0,limited,11.1,64.0,low,2026-09-12 10:07:06,,,,,,,,,,,,,
st_0884,SMC Fast Charger Una Pani Road Lal Darwaja,Surat,Gujarat,21.1856,72.8225,(Unknown Operator),Public,CCS (Type 2),60.0,1.0,0.0,busy,8.0,41.0,low,2026-09-12 10:07:06,,,,,,,,,,,,,
st_0886,ChargeZone Alembic City Gorwa,Vadodara,Gujarat,22.325,73.1812,Chargezone (India),Public,CCS (Type 2),60.0,3.0,2.0,limited,9.6,47.0,low,2026-09-12 10:07:06,,,,,,,,,,,,,
st_0887,Jio-bp Pulse Akshar Chowk,Vadodara,Gujarat,22.2931,73.1492,JIO BP Pulse (India),Public,Type 2 (Tethered Connector),7.4,2.0,1.0,limited,7.7,60.0,low,2026-09-12 10:07:06,,,,,,,,,,,,,
st_0889,ChargeZone x BMW Sun Pharma Road,Vadodara,Gujarat,22.2872,73.1385,Chargezone (India),Public,CCS (Type 2),60.0,4.0,4.0,available,8.4,72.0,low,2026-09-12 10:07:06,,,,,,,,,,,,,
st_0890,ChargeZone Akota Mujmahuda Road,Vadodara,Gujarat,22.2984,73.1651,Chargezone (India),Public,CCS (Type 2),60.0,3.0,2.0,limited,11.9,26.0,low,2026-09-12 10:07:06,,,,,,,,,,,,,
st_0891,Adarsh Green EV Charger Airport Road,Rajkot,Gujarat,22.3039,70.8022,(Unknown Operator),Public,CCS (Type 2),60.0,2.0,1.0,limited,9.9,54.0,low,2026-09-12 10:07:06,,,,,,,,,,,,,
st_0892,ChargeZone Gondal Road Shiv Nagar,Rajkot,Gujarat,22.2721,70.8025,Chargezone (India),Public,CCS (Type 2),60.0,1.0,0.0,busy,7.4,69.0,low,2026-09-12 10:07:06,,,,,,,,,,,,,
st_0893,Agora Mall Charging Station,Gandhinagar,Gujarat,23.1625,72.6371,Statiq (IN),Public,CCS (Type 2),60.0,4.0,3.0,limited,10.6,32.0,low,2026-09-12 10:07:06,,,,,,,,,,,,,
st_0895,Ather Grid Sargasan Cross Rd,Gandhinagar,Gujarat,23.1952,72.6468,Ather Energy,Public,Type 2 (Tethered Connector),7.4,2.0,2.0,available,6.9,43.0,low,2026-09-12 10:07:06,,,,,,,,,,,,,
st_0896,ChargeZone The Grand Shivkrupa Hotel Asuria,Bharuch,Gujarat,21.7051,72.9932,Chargezone (India),Public,CCS (Type 2),60.0,3.0,2.0,limited,9.2,50.0,low,2026-09-12 10:07:06,,,,,,,,,,,,,
st_0897,ChargeZone x TATA.ev MegaCharger Karjan,Karjan,Gujarat,21.9332,73.1254,Chargezone (India),Public,CCS (Type 2),60.0,2.0,0.0,busy,11.4,66.0,low,2026-09-12 10:07:06,,,,,,,,,,,,,
st_0898,ChargeZone x TATA.ev MegaCharger Vesma,Navsari,Gujarat,20.8981,72.9352,Chargezone (India),Public,CCS (Type 2),60.0,4.0,4.0,available,7.6,37.0,low,2026-09-12 10:07:06,,,,,,,,,,,,,
st_0899,ChargeZone Parnera National Highway 48,Valsad,Gujarat,20.6121,72.9182,Chargezone (India),Public,CCS (Type 2),60.0,3.0,2.0,limited,10.3,62.0,low,2026-09-12 10:07:06,,,,,,,,,,,,,
st_0900,ChargeZone Sonwada Chikhali NH 8,Valsad,Gujarat,20.7512,73.0451,Chargezone (India),Public,CCS (Type 2),60.0,1.0,0.0,busy,8.8,28.0,low,2026-09-12 10:07:06,,,,,,,,,,,,,
st_0901,ChargeZone Tirupati Rajnagar,Palanpur,Gujarat,24.1724,72.4342,Chargezone (India),Public,CCS (Type 2),60.0,2.0,1.0,limited,9.5,45.0,low,2026-09-12 10:07:06,,,,,,,,,,,,,
st_0902,Kesar Hotel & Restaurant Viramgam,Viramgam,Gujarat,23.1221,72.0451,(Unknown Operator),Public,CCS (Type 2),60.0,4.0,3.0,limited,11.7,51.0,low,2026-09-12 10:07:06,,,,,,,,,,,,,
,EESL Legislative Assembly Goa,Goa,Goa,,,,,,,,,,,,,,EESL EDC Parking Goa,1.0,,1,0.0,15.5104722,73.8372222,,,403503,free,1,0
,EESL R block GK1,Delhi,Delhi,,,,,,,,,,,,,,"SDMC Parking, R Block, GK-1, DELHI-110016",1.0,,1,0.0,28.547217,77.244324,,,110016,free,2,0
,EESL SDA market,Delhi,Delhi,,,,,,,,,,,,,,"SDMC Parking, SDA Market, Hauz Khas, New Delhi, Delhi 110016",1.0,,1,0.0,28.546273,77.19711,,,110016,free,3,0
,EESL Tata Advance Systems Noida,Noida,Uttar Pradesh,,,,,,,,,,,,,,"Near Tata Advance Systems, sector- 59, Noida",1.0,,1,0.0,28.608947,77.362725,,,201301,free,4,0
,EESL Feroze Gandhi Road Lajpat Nagar,Delhi,Delhi,,,,,,,,,,,,,,"EESL Feroze Gandhi Road, Lajpat Nagar, SDMC parking New 10",1.0,,1,0.0,28.5587496,77.0909566,,,110024,free,5,0
,EESL PVR Priya Delhi,Delhi,Delhi,,,,,,,,,,,,,,"EESL PVR Priya Vasant Vihar, SDMC parking New Delhi, Near Gold's Gym",1.0,,1,0.0,28.5580077,77.1588093,,,110057,free,6,0
,EESL Meharchand Double Storey Market,Delhi,Delhi,,,,,,,,,,,,,,"EESL Meharchand Double Storey Market, SDMC parking New Delhi",1.0,,1,0.0,28.6026531,77.1666318,,,110003,free,7,0
,ANERT-EESL Sangamukham Kerala,Thiruvananthapuram,Kerala,,,,,,,,,,,,,,"Sanghumukham DTPC office, Shanghumukham beach, thiruvananthapuram,Kerala- 605007",1.0,,1,0.0,8.481159,76.912456,,,605007,free,8,0
,ANERT-EESL Thycaud Kerala,Thiruvananthapuram,Kerala,,,,,,,,,,,,,,"State Council For Child Welfare, CV Raman Pillai Rd, Near Kerala, Housing Board, Thycaud, Thiruvananthapuram, Kerala 695014",1.0,,1,0.0,8.4927752,76.9572956,,,695014,free,9,0
,"EESL Veer Savarkar Marg, Lajpat Nagar",Delhi,Delhi,,,,,,,,,,,,,,"EESL Veer Savarkar Marg, Lajpat Nagar, SDMC parking New Delhi",1.0,,1,0.0,28.5584839,77.0909568,,,110024,free,10,0
,HAREDA EESL Panchkula,Panchkula,Haryana,,,,,,,,,,,,,,"HAREDA, Akshay Urja Bhawan , Institutional plot No.1 Sector-17 Panchkula , 134109 Haryana",1.0,,1,0.0,30.695929,76.834874,,,134109,free,11,0
, EESL ECO Park Gate No 1 New Town,Kolkata,West Bengal,,,,,,,,,,,,,,"ECO Park,Gate No1,West Bengal:700156",1.0,,1,0.0,22.594,88.4729,,,700156,free,13,0
, EESL Biswa Bangla Gate Rotary,Kolkata,West Bengal,,,,,,,,,,,,,," EESL Biswa Bangla Gate Rotary, Kolkata West Bengal",1.0,,1,0.0,22.5791553,88.4687647,,,700156,free,15,0
,EESL Shapoorji Bus Terminus Newtown,Chennai,Tamil Nadu,,,,,,,,,,,,,,Near  Shapoorji Bus Terminus Newtown Kolkata,1.0,,1,0.0,13.088249,80.285359,,,0,free,16,0
,EESL Shapoorji Bus Terminus Newtown,Chennai,Tamil Nadu,,,,,,,,,,,,,," Chennai Egmore metro, Chennai (CMRL)",1.0,,1,0.0,13.079097,80.261538,,,0,free,18,0
,EESL Saidapet Metro station,Chennai,Tamil Nadu,,,,,,,,,,,,,,Saidapet Metro station,1.0,,1,0.0,13.0237,80.2282,,,0,free,20,0
,EESL Tirumangalam Metro station,Chennai,Tamil Nadu,,,,,,,,,,,,,,Tirumangalam Metro station,1.0,,1,0.0,13.0853,80.2016,,,0,free,23,0
,EESL Alandur metro,Delhi,Delhi,,,,,,,,,,,,,,"EESL N-Block GK-1, SDMC parking New Delhi",1.0,,1,0.0,28.556608,77.232732,,,110048,free,26,0
,EESL Chennai Egmore metro,Ernakulam,Kerala,,,,,,,,,,,,,,"KTDC Tourist Reception Centre Shanmugham road, Ernakulam, Marine drive, Kochi Kerala-682031",1.0,,1,0.0,9.977164,76.27777,,,682031,free,27,0
,EESL Shapoorji Bus Terminus Newtown,Kolkata,West Bengal,,,,,,,,,,,,,,Near  Shapoorji Bus Terminus Newtown Kolkata,1.0,,1,0.0,22.5695,88.5169,,,700156,free,28,0
,"EESL Adhoc New Central, HPCL, New Town",Noida,Uttar Pradesh,,,,,,,,,,,,,,"Side parking of HCL building, sector-8, Noida",1.0,,1,0.0,28.582421,77.3635947,,,201301,free,29,0
,EESL Shapoorji Bus Terminus Newtown,Noida,Uttar Pradesh,,,,,,,,,,,,,,"In front of affinity salon, sector- 51, Noida",1.0,,1,0.0,28.577319,77.3587651,,,201301,free,30,0
,EESL Koyambedu,Muriyil,Kerala,,,,,,,,,,,,,,"KTDC Tourist Reception Centre Shanmugham road, Ernakulam, Marine drive, Kochi Kerala-682031",1.0,,1,0.0,9.63628,76.3352,,,682031,free,31,0
,EESL Anna Nagar East Station,Noida,Uttar Pradesh,,,,,,,,,,,,,,"Opp C-101 Jain air travels, sector-2, Noida",1.0,,1,0.0,28.5842756,77.3137535,,,201301,free,32,0
,"EESL Adhoc New Central, HPCL, New Town",Kolkata,West Bengal,,,,,,,,,,,,,,"Near Adhoc New Central, HPCL, New Town, Kolkata",1.0,,1,0.0,22.617907,88.466368,,,700156,free,33,0
,EESL Prayas Bhawan Nava Raipur,Raipur,Chhattisgarh,,,,,,,,,,,,,,"NRANVP, PARYAVAS BHAWAN, NORTH BLOCK, SECTOR 19, NAYA RAYPUR MARG, ATAL NAGAR RAIPUR",1.0,,1,0.0,21.163948,81.788547,,,492101,free,34,0
,EESL Mantraly Naya Raipur,Raipur,Chhattisgarh,,,,,,,,,,,,,,"CBD
Mantraly NAVA RAIPUR , ATAL NAGAR RAIPUR DIST. 492101 Chhatisgarh",1.0,,1,0.0,21.161505,81.796858,,,492101,free,35,0
,EESL Prayas Bhawan Nava Raipur,Noida,Uttar Pradesh,,,,,,,,,,,,,,Between kirti mann plaza and NMC hospital Sector 30 Noida,1.0,,1,0.0,28.5726478,77.3408251,,,201301,free,36,0
,EESL Shenoy Nagar Metro,Noida,Uttar Pradesh,,,,,,,,,,,,,,"Ganga Shopping Complex, Sector 29, Noida, Uttar Pradesh 201301",1.0,,1,0.0,28.5670208,77.3353024,,,201301,free,39,0
,EESL Pachaiyappa,Noida,Uttar Pradesh,,,,,,,,,,,,,,Opp Sasta Sundar Hospital Sector 58 Noida,1.0,,1,0.0,28.6057471,77.3573349,,,201301,free,41,0
,EESL Adwant Chowk Noida,Noida,Uttar Pradesh,,,,,,,,,,,,,,"Sector 142, Noida, Uttar Pradesh, 201305",1.0,,1,0.0,28.5000204,77.4108813,,,201305,free,43,0
,EESL Alka Cinema Noida,Noida,Uttar Pradesh,,,,,,,,,,,,,,"Sector 15, Nithari, Noida, Dadri, Gautam Buddha Nagar, Uttar Pradesh, 201301, India",1.0,,1,0.0,28.5826069,77.3128436,,,201301,free,44,0
,EESL RTO Office Noida,Noida,Uttar Pradesh,,,,,,,,,,,,,,"Near RTO OfficeSector 33A, Noida, Ghaziabad, Uttar Pradesh, 201301, India",1.0,,1,0.0,28.5880051,77.3520796,,,201301,free,45,0
,EESL Alandur metro,Chennai,Tamil Nadu,,,,,,,,,,,,,,"Chennai Metro Alandur station Car parking area, Alandur, Chennai 600016",1.0,,1,0.0,13.003498,80.201548,,,0,free,46,0
,EESL SPCI Noida,Noida,Uttar Pradesh,,,,,,,,,,,,,,"road between sector 124 & 125 and beside SPCl Sector Road, Noida, Uttar Pradesh, 201313",1.0,,1,0.0,28.5447044,77.3272594,,,201313,free,48,0
,EESL Safderjung Enclave,Delhi,Delhi,,,,,,,,,,,,,,"SDMC Parking, B6, Safderjung Enclave",1.0,,1,0.0,28.558938,77.19631,,,110003,free,52,0
,EESL New Town,Kolkata,West Bengal,,,,,,,,,,,,,,"Near Tank No 3, Opp Goutams, Street Number 24,Sub Central Business District Action Area 1, Action Area I, Newtown West Bengal 700156",1.0,,1,0.0,22.5785885,88.4508228,,,700156,free,53,0
,EESL Business Club New Town ,Kolkata,West Bengal,,,,,,,,,,,,,,"NKDA New Town Business Club Parking Lot, AE Block(Newtown), Newtown, West Bengal 700059",1.0,,1,0.0,22.5852479,88.4547116,,,700059,free,55,0
,EESL Gate no 4 Eco Park New Town,Kolkata,West Bengal,,,,,,,,,,,,,,"Parking Lot, 7 Wonders, Gate No 4, Eco Park Entry Plaza, AA IIB, Newtown, Kolkata, West Bengal 700135",1.0,,1,0.0,22.611245,88.466586,,,700135,free,57,0
,EESL Gate No 6 Eco Park New Town ,Kolkata,West Bengal,,,,,,,,,,,,,,"Parking Lot Golf Club, Gate no. 6, Ecopark, Deshbandhu Nagar, Rekjuani, West Bengal 700156",1.0,,1,0.0,22.607778,88.463918,,,700156,free,59,0
,EESL Tata Memorial Cancer Hospital ,Kolkata,West Bengal,,,,,,,,,,,,,,"NKDA Parking Lot, Beside Tata Memorial Cancer Hospital , 14, MAR(E-W), DH Block(Newtown), Action Area I, Newtown, Kolkata, West Bengal 700160",1.0,,1,0.0,22.577346,88.478575,,,700160,free,61,0
,EESL Axis Mall ,Kolkata,West Bengal,,,,,,,,,,,,,,"NKDA Parking Lot, Beside Axis Mall, CF Block Newtown, Action Area 1C, Newtown, Kolkata, West Bengal 700156",1.0,,1,0.0,22.579022,88.460325,,,700156,free,63,0
,EESL Aurbindo Market place,Delhi,Delhi,,,,,,,,,,,,,,"SDMC Parking, Aurbindo Market Place,Hauz Khas, New Delhi, Delhi 110016",1.0,,1,0.0,28.552074,77.203279,,,110016,free,65,0
,EESL Sector 50 Market,Noida,Uttar Pradesh,,,,,,,,,,,,,,"Noida Authority Parking at Central Market, Sector-50, Noida-201301",1.0,,1,0.0,28.5704287,77.3598121,,,201301,free,66,0
,EESL Yelahanka Bengaluru,Bangalore,Karnataka,,,,,,,,,,,,,,"Datta Digambar HPCL Service station, Yelahanka, Bangalore",1.0,,1,0.0,13.152457,77.568071,,,0,free,69,0
, EESL Sushma Swaraj Bhawan,Delhi,Delhi,,,,,,,,,,,,,,"Susma Swaraj Bhawan, MEA, New Delhi",1.0,,1,0.0,28.5958333,77.1805556,,,110011,free,70,0
,EESL Shopprix Mall Noida,Noida,Uttar Pradesh,,,,,,,,,,,,,,"Sector 61 Opposite Shopprix Mall , Noida, Uttar Pradesh, 201305",1.0,,1,0.0,28.5971047,77.3627113,,,201305,free,75,0
,EESL Malviya Nagar Delhi,Delhi,Delhi,,,,,,,,,,,,,,"EESL J-Block, Malviya Nagar, parking New Delhi",1.0,,1,0.0,28.531006,77.208693,,,110017,free,76,0
,EESL Koyambedu,Chennai,Tamil Nadu,,,,,,,,,,,,,,"Koyam Bedu Metro Station, Chennai (CMRL)",1.0,,1,0.0,13.074043,80.195354,,,0,free,80,0
,EESL Anna Nagar East Station,Chennai,Tamil Nadu,,,,,,,,,,,,,,"Anna Nagar East Metro Station, Chennai (CMRL)",1.0,,1,0.0,13.084713,80.219897,,,0,free,82,0
,EESL Electronic City Metro Station,Noida,Uttar Pradesh,,,,,,,,,,,,,,"Electronic City , Metro Station parking gate no.2, Noida - 201301",1.0,,1,0.0,28.626475,77.375142,,,201301,free,84,0
,"EESL H-Block Market, Haldiram",Noida,Uttar Pradesh,,,,,,,,,,,,,,"H Block market, Haldiram, Car parking , Sector - 63 , Noida - 201301",1.0,,1,0.0,28.628915,77.375303,,,201301,free,85,0
,Chennai Metro Nandanam Station,Chennai,Tamil Nadu,,,,,,,,,,,,,,Nandanam Metro station Chennai (CMRL),1.0,,1,0.0,13.031759,80.241923,,,0,free,86,0
,EESL Nagpur,Nagpur,Maharashtra,,,,,,,,,,,,,,"Nagpur Airport Metro Station, Nagpur",1.0,,1,0.0,21.0870127,79.0636227,,,440005,free,88,0
,EESL Sector 16 Near Metro Station Noida,Noida,Uttar Pradesh,,,,,,,,,,,,,,"Noida Authority Parking, near metro station, sector-16, Noida-201301",1.0,,1,0.0,28.578614,77.317483,,,201301,free,90,0
,ANERT-EESL KMML Chavara Kerala,Alazpuzha,Kerala,,,,,,,,,,,,,,"Amenity Centre Kayamkulam, Alappuzha- 690502",1.0,,1,0.0,NA,NA,,,690502,free,93,0
,EESL EDC Parking Goa,Goa,Goa,,,,,,,,,,,,,,"Secretariat Office, Goa",1.0,,1,0.0,15.5108,73.8368,,,403521,free,94,0
,EESL Prithviraj Market,Delhi,Delhi,,,,,,,,,,,,,,"Prithviraj Market, Rabindra Nagar, New Delhi- 110003",1.0,,1,0.0,28.600735,77.226277,,,110003,free,95,0
,EESL Jor Bagh Market,Delhi,Delhi,,,,,,,,,,,,,,"Outside RWA Park, Jor Bagh Market, Jor Bagh Colony Road, New Delhi- 110003",1.0,,1,0.0,28.588117,77.217564,,,110003,free,96,0
,EESL Khanna Market 1,Delhi,Delhi,,,,,,,,,,,,,,"Opposite Dory Pharmacy, Khanna Market, Aliganj, Lodhi Colony, New Delhi- 110003",1.0,,1,0.0,28.580532,77.221048,,,110003,free,97,0
,EESL Khanna Market 2,Delhi,Delhi,,,,,,,,,,,,,,"Opposite Goel Opticals, Khanna Market, Aliganj, Lodhi Colony, New Delhi- 110003",1.0,,1,0.0,28.584365,77.22054,,,110003,free,98,0
,EESL Malcha Marg Market,Delhi,Delhi,,,,,,,,,,,,,,"Dharma Marg, Block Y, Diplomatic Enclave, Malcha Market, New Delhi- 110021",1.0,,1,0.0,28.601809,77.186432,,,110021,free,99,0
,EESL M Block,Delhi,Delhi,,,,,,,,,,,,,,"Outside Westend Vedi Tailors, Bock M, Middle Circle, Connaught Place, New Delhi- 110001",1.0,,1,0.0,28.632973,77.222937,,,110001,free,100,0
,EESL Barakhamba,Delhi,Delhi,,,,,,,,,,,,,,"Near NDMC Office, Fire Brigade Lane, Barakhamba, New Delhi- 110001",1.0,,1,0.0,28.630256,77.225668,,,110001,free,101,0
,EESL Oriental Bank,Delhi,Delhi,,,,,,,,,,,,,,"Outside Oriental Bank, Radial Road No. 7, Block M, Connaught Place, New Delhi- 110001",1.0,,1,0.0,28.631584,77.2219,,,110001,free,103,0
,EESL Ferns n Petals,Delhi,Delhi,,,,,,,,,,,,,,"NDMC Parking, Near Ferns n Petals, Near BPCL Petrol Pump, C Block RR5, Connaught Place, New Delhi- 110001",1.0,,1,0.0,28.634422,77.220852,,,110001,free,104,0
,EESL Croma,Delhi,Delhi,,,,,,,,,,,,,,"NDMC Parking, Near Croma, D Block RR5, Opposite BPCL Petrol Pump, Connaught Place, New Delhi- 110001",1.0,,1,0.0,28.634388,77.221038,,,110001,free,105,0
,EESL PVR Plaza,Delhi,Delhi,,,,,,,,,,,,,,"Next to PVR Plaza, H Block RR4, Connaught Place, New Delhi- 110001",1.0,,1,0.0,28.63491,77.219522,,,110001,free,106,0
,EESL Block B,Delhi,Delhi,,,,,,,,,,,,,,"Near Woodland Showroom, Block B, Inner Circle, Connaught Place, New Delhi 110001",1.0,,1,0.0,28.634371,77.2195,,,110001,free,107,0
,EESL Sansad Marg,Delhi,Delhi,,,,,,,,,,,,,,"Outside Standard Chartered Bank, Sardar Patel Bhawan, Sansad Marg, New Delhi- 110001",1.0,,1,0.0,28.624419,77.213718,,,110001,free,109,0
,EESL Iqbal Bros.,Delhi,Delhi,,,,,,,,,,,,,,"Outside Iqbal Bros., G1, Block G, Connaught Place, New Delhi- 110001",1.0,,1,0.0,28.633841,77.217664,,,110001,free,110,0
,EESL Bharat Sanchar Bhawan,Delhi,Delhi,,,,,,,,,,,,,,"Outside Bharat Sanchar Bhawan, Ashoke Road, Janpath, New Delhi- 110001",1.0,,1,0.0,28.621724,77.219286,,,110001,free,111,0
,EESL FICCI Chowk,Delhi,Delhi,,,,,,,,,,,,,,"FICCI, FICCI Chowk, Mandi House, Todermal Road Area, Mandi House, New Delhi110001",1.0,,1,0.0,28.626695,77.231943,,,110001,free,112,0
,EESL Press Club,Delhi,Delhi,,,,,,,,,,,,,,"Press Club of India, 1, Raisina Road, Windsor Place, New Delhi110001",1.0,,1,0.0,28.617517,77.213919,,,110001,free,113,0
,EESL Snow White,Delhi,Delhi,,,,,,,,,,,,,,"Near Snow White, Block D, Inner Circle, Connaught Place, New Delhi 110001",1.0,,1,0.0,28.63388,77.221078,,,110001,free,114,0
,EESL Van Heusen,Delhi,Delhi,,,,,,,,,,,,,,"Outside Van Heusen Showroom, Block C, Inner Circle, Connaught Place, New Delhi 110001",1.0,,1,0.0,28.634137,77.220382,,,110001,free,115,0
,EESL Shanker Market,Delhi,Delhi,,,,,,,,,,,,,,"Outside Devinder Collections, Shankar Market, Connaught Place, New Delhi- 110001",1.0,,1,0.0,28.633733,77.22353,,,110001,free,116,0
,EESL Akashwani Bhawan,Delhi,Delhi,,,,,,,,,,,,,,"Akashvani Bhawan, Sansad Marg, New Delhi 110001",1.0,,1,0.0,28.622656,77.210994,,,110001,free,117,0
,EESL Chelmsford Club,Delhi,Delhi,,,,,,,,,,,,,,"Outside Chelmsford Club/ Opposite CSIR Building, Rafi Marg, Sansad Marg Area, New Delhi 110001",1.0,,1,0.0,28.6182604,77.2125699,,,110001,free,118,0
,EESL Yashwant Place,Delhi,Delhi,,,,,,,,,,,,,,"Yashwant Place, Chanakyapuri, New Delhi- 110021",1.0,,1,0.0,28.585492,77.191634,,,110021,free,119,0
,EESL Yashwant Place Market,Delhi,Delhi,,,,,,,,,,,,,,"Near Bikanervala, Yashwant Place, Chanakyapuri, New Delhi- 110021",1.0,,1,0.0,28.585298,77.191008,,,110021,free,121,0
,EESL Laxmi Bai Market,Delhi,Delhi,,,,,,,,,,,,,,"Laxmi Bai Market, Safderjung Flyover, New Delhi",1.0,,1,0.0,28.577999,77.209521,,,110023,free,123,0
,EESL Block A,Delhi,Delhi,,,,,,,,,,,,,,"Near ICICI Bank/Metro Gate No. 7 & 8, Block A, Inner Circle, Connaught Place, New Delhi 110001",1.0,,1,0.0,28.63242,77.218068,,,110001,free,124,0
,EESL Sarojini Nagar Market,Delhi,Delhi,,,,,,,,,,,,,,"Sarojini Nagar Market, Sarojini Nagar, New Delhi- 110023",1.0,,1,0.0,28.577259,77.19692,,,110023,free,125,0
,EESL Gopal Das Building,Delhi,Delhi,,,,,,,,,,,,,,"Gopal Das Building, Barakhamba Road, Connaught Lane, Barakhamba, New Delhi110001",1.0,,1,0.0,28.631121,77.221654,,,110001,free,126,0
,EESL Jain Bhawan,Delhi,Delhi,,,,,,,,,,,,,,"Outside Jain Bhawan, 12 Shaheed Bhagat Singh Marg, Gole Market, New Delhi- 110001",1.0,,1,0.0,28.633614,77.207691,,,110001,free,127,0
,EESL Hotel Claridges,Delhi,Delhi,,,,,,,,,,,,,,"Side of Hotel Claridges, Tees January Marg, Dr. APJ Abdul Kalam Road, New Delhi- 110003",1.0,,1,0.0,28.599477,77.215583,,,110003,free,128,0
,EESL Indian Coffee House,Delhi,Delhi,,,,,,,,,,,,,,"Indian Coffee House, Connaught Place, New Delhi",1.0,,1,0.0,28.6316372,77.2158857,,,110003,free,129,0
,EESL Khan Market,Delhi,Delhi,,,,,,,,,,,,,,"Khan Market, Rabindra Nagar, New Delhi- 110003",1.0,,1,0.0,28.600324,77.226883,,,110003,free,130,0
,EESL Charak Palika Hospital,Delhi,Delhi,,,,,,,,,,,,,,"Charak Palika Hospital, C7 Lane, Moti Bagh 1, Blok F, New Moti Bagh, New Delhi 110021",1.0,,1,0.0,28.585367,77.17755,,,110021,free,131,0
,EESL Hotel Claridges 1,Delhi,Delhi,,,,,,,,,,,,,,"Hotel Claridges, Tees January Marg, Dr. APJ Abdul Kalam Road, New Delhi- 110003",1.0,,1,0.0,28.601201,77.215975,,,110003,free,132,0
,EESL Janpath Guest House,Delhi,Delhi,,,,,,,,,,,,,,"Janpath Guest House, Connaught Place, New Delhi",1.0,,1,0.0,28.628528,77.21946,,,110001,free,133,0
,EESL Block H,Delhi,Delhi,,,,,,,,,,,,,,"Outside UCO Bank, Block H, RR3, Connaught Place, New Delhi",1.0,,1,0.0,28.63407,77.217683,,,110001,free,135,0
,EESL KTM,Delhi,Delhi,,,,,,,,,,,,,,"Opposite South Indian Bank, Block E, RR6, Middle Circle, Connaught Place, New Delhi- 110001",1.0,,1,0.0,28.63363,77.221949,,,110001,free,137,0
,EESL PSOI Club,Delhi,Delhi,,,,,,,,,,,,,,"PSOI Club, Chanakyapuri, New Delhi 110021",1.0,,1,0.0,28.586638,77.193352,,,110021,free,140,0
,EESL Lodhi Garden,Delhi,Delhi,,,,,,,,,,,,,,"Gate No. 1, Lodhi Garden, Lodhi Estate, Lodhi Road, New Delhi 110003",1.0,,1,0.0,28.590402,77.220192,,,110003,free,145,0
,EESL Talkatora Stadium,Delhi,Delhi,,,,,,,,,,,,,,"Talkatora Stadium, President's Estate, New Delhi110004",1.0,,1,0.0,28.622004,77.194962,,,110004,free,146,0
,,Delhi,Delhi,,,,,,,,,,,,,,"DLF Building, Sansad Marg, Janpath, Connaught Place, New Delhi 110001.",1.0,,1,0.0,28.6285,77.217046,,,110004,free,148,0
,EESL Talkatora Garden,Delhi,Delhi,,,,,,,,,,,,,,"Talkatora Garden, President's Estate, New Delhi110004",1.0,,1,0.0,28.6235305,77.1956795,,,110004,free,149,0
,EESL Delhi Haat,Delhi,Delhi,,,,,,,,,,,,,,"NMDC Parking, Dilli Haat, West Kidwai Nagar, New Delhi 110023",1.0,,1,0.0,28.572793,77.208662,,,110023,free,151,0
,EESL Palika Maternity Hospital,Delhi,Delhi,,,,,,,,,,,,,,"Palika Maternity Hospital, Block 11, Lodhi Colony, Near Khanna Market, New Delhi 110003",1.0,,1,0.0,28.583518,77.222057,,,110003,free,152,0
,EESL Marie Gold Exports Block A Sector 64 Noida,Noida,Uttar Pradesh,,,,,,,,,,,,,,"In front of marie gold exports ltd, A block, sector-64, Noida ",1.0,,1,0.0,28.36374688,77.27384312,,,201301,free,158,0
,EESL Hexagon Sector 65 Noida,Noida,Uttar Pradesh,,,,,,,,,,,,,,"In front of Hexagon pvt ltd, sector-65, Noida ",1.0,,1,0.0,28.6132,77.3814,,,201301,free,159,0
,EESL Mamlatdar Office Mapusa Goa,Goa,Goa,,,,,,,,,,,,,,"The Mamlatdar Office, Goa",1.0,,1,0.0,15.588,73.8139,,,403406,free,160,0
